Módulo de Análise: Origem de Dados da Coleta;;;;;;;;;
Data de solicitação 02/03/2020;;;;;;;;;
Período Solicitado de 01/02/2020 até 29/02/2020;;;;;;;;;
Agente;Ponto / Grupo;Data;Hora;Ativa C (kWh);Ativa G (kWh);Reativa C (kVArh);Reativa G (kVArh);Qualidade;Origem;
MILHAO;GOMIXGENTR101 (L);01/02/2020;1;1.991,62;0;599,789;0;Completo;COLETA DIÁRIA;
MILHAO;GOMIXGENTR101 (L);01/02/2020;2;2.005,49;0;589,979;0;Completo;COLETA DIÁRIA;
MILHAO;GOMIXGENTR101 (L);01/02/2020;3;2.045,82;0;610,233;0;Completo;COLETA DIÁRIA;
MILHAO;GOMIXGENTR101 (L);01/02/2020;4;2.074,01;0;618,423;0;Completo;COLETA DIÁRIA;
MILHAO;GOMIXGENTR101 (L);01/02/2020;5;2.053,97;0;608,75;0;Completo;COLETA DIÁRIA;
MILHAO;GOMIXGENTR101 (L);01/02/2020;6;2.039,20;0;607,52;0;Completo;COLETA DIÁRIA;
MILHAO;GOMIXGENTR101 (L);01/02/2020;7;1.863,44;0;549,797;0;Completo;COLETA DIÁRIA;
MILHAO;GOMIXGENTR101 (L);01/02/2020;8;1.941,64;0;576,443;0;Completo;COLETA DIÁRIA;
MILHAO;GOMIXGENTR101 (L);01/02/2020;9;2.097,24;0;604,176;0;Completo;COLETA DIÁRIA;
MILHAO;GOMIXGENTR101 (L);01/02/2020;10;2.151,95;0;613,498;0;Completo;COLETA DIÁRIA;
MILHAO;GOMIXGENTR101 (L);01/02/2020;11;2.130,43;0;608,76;0;Completo;COLETA DIÁRIA;
MILHAO;GOMIXGENTR101 (L);01/02/2020;12;2.057,19;0;582,765;0;Completo;COLETA DIÁRIA;
MILHAO;GOMIXGENTR101 (L);01/02/2020;13;2.002,64;0;554,647;0;Completo;COLETA DIÁRIA;
MILHAO;GOMIXGENTR101 (L);01/02/2020;14;2.067,11;0;562,237;0;Completo;COLETA DIÁRIA;
MILHAO;GOMIXGENTR101 (L);01/02/2020;15;2.075,23;0;551,566;0;Completo;COLETA DIÁRIA;
MILHAO;GOMIXGENTR101 (L);01/02/2020;16;1.882,86;0;510,194;0;Completo;COLETA DIÁRIA;
MILHAO;GOMIXGENTR101 (L);01/02/2020;17;2.086,38;0;557,208;0;Completo;COLETA DIÁRIA;
MILHAO;GOMIXGENTR101 (L);01/02/2020;18;2.041,31;0;550,253;0;Completo;COLETA DIÁRIA;
MILHAO;GOMIXGENTR101 (L);01/02/2020;19;2.003,57;0;538,907;0;Completo;COLETA DIÁRIA;
MILHAO;GOMIXGENTR101 (L);01/02/2020;20;1.958,72;0;522,774;0;Completo;COLETA DIÁRIA;
MILHAO;GOMIXGENTR101 (L);01/02/2020;21;1.840,52;0;509,715;0;Completo;COLETA DIÁRIA;
MILHAO;GOMIXGENTR101 (L);01/02/2020;22;1.167,43;0;365,399;4,496;Completo;COLETA DIÁRIA;
MILHAO;GOMIXGENTR101 (L);01/02/2020;23;51,451;0;30,932;15,053;Completo;COLETA DIÁRIA;
MILHAO;GOMIXGENTR101 (L);01/02/2020;24;40,245;0;33,048;0;Completo;COLETA DIÁRIA;
MILHAO;GOMIXGENTR101 (L);02/02/2020;1;40,397;0;33,677;0;Completo;COLETA DIÁRIA;
MILHAO;GOMIXGENTR101 (L);02/02/2020;2;39,735;0;35,044;0;Completo;COLETA DIÁRIA;
MILHAO;GOMIXGENTR101 (L);02/02/2020;3;38,949;0;35,378;0;Completo;COLETA DIÁRIA;
MILHAO;GOMIXGENTR101 (L);02/02/2020;4;38,777;0;32,764;0;Completo;COLETA DIÁRIA;
MILHAO;GOMIXGENTR101 (L);02/02/2020;5;38,788;0;33,677;0;Completo;COLETA DIÁRIA;
MILHAO;GOMIXGENTR101 (L);02/02/2020;6;38,093;0;33,726;0;Completo;COLETA DIÁRIA;
MILHAO;GOMIXGENTR101 (L);02/02/2020;7;36,92;0;33,916;0;Completo;COLETA DIÁRIA;
MILHAO;GOMIXGENTR101 (L);02/02/2020;8;37,099;0;30,384;0;Completo;COLETA DIÁRIA;
MILHAO;GOMIXGENTR101 (L);02/02/2020;9;37,128;0;26,042;0;Completo;COLETA DIÁRIA;
MILHAO;GOMIXGENTR101 (L);02/02/2020;10;37,851;0;23,94;0;Completo;COLETA DIÁRIA;
MILHAO;GOMIXGENTR101 (L);02/02/2020;11;42,272;0;23,805;0;Completo;COLETA DIÁRIA;
MILHAO;GOMIXGENTR101 (L);02/02/2020;12;40,286;0;22,438;0;Completo;COLETA DIÁRIA;
MILHAO;GOMIXGENTR101 (L);02/02/2020;13;42,199;0;23,988;0;Completo;COLETA DIÁRIA;
MILHAO;GOMIXGENTR101 (L);02/02/2020;14;43,731;0;24,023;0;Completo;COLETA DIÁRIA;
MILHAO;GOMIXGENTR101 (L);02/02/2020;15;61,939;0;28,685;0;Completo;COLETA DIÁRIA;
MILHAO;GOMIXGENTR101 (L);02/02/2020;16;107,656;0;39,493;0;Completo;COLETA DIÁRIA;
MILHAO;GOMIXGENTR101 (L);02/02/2020;17;61,441;0;31,252;0;Completo;COLETA DIÁRIA;
MILHAO;GOMIXGENTR101 (L);02/02/2020;18;39,806;0;24,697;0;Completo;COLETA DIÁRIA;
MILHAO;GOMIXGENTR101 (L);02/02/2020;19;43,881;0;25,437;0;Completo;COLETA DIÁRIA;
MILHAO;GOMIXGENTR101 (L);02/02/2020;20;41,903;0;22,947;0;Completo;COLETA DIÁRIA;
MILHAO;GOMIXGENTR101 (L);02/02/2020;21;44,278;0;24,401;0;Completo;COLETA DIÁRIA;
MILHAO;GOMIXGENTR101 (L);02/02/2020;22;62,209;0;30,032;0;Completo;COLETA DIÁRIA;
MILHAO;GOMIXGENTR101 (L);02/02/2020;23;266,774;0;75,616;0;Completo;COLETA DIÁRIA;
MILHAO;GOMIXGENTR101 (L);02/02/2020;24;864,488;0;325,949;0;Completo;COLETA DIÁRIA;
MILHAO;GOMIXGENTR101 (L);03/02/2020;1;1.315,43;0;439,959;0;Completo;COLETA DIÁRIA;
MILHAO;GOMIXGENTR101 (L);03/02/2020;2;1.573,98;0;523,428;0;Completo;COLETA DIÁRIA;
MILHAO;GOMIXGENTR101 (L);03/02/2020;3;1.855,61;0;582,106;0;Completo;COLETA DIÁRIA;
MILHAO;GOMIXGENTR101 (L);03/02/2020;4;1.577,35;0;480,748;0;Completo;COLETA DIÁRIA;
MILHAO;GOMIXGENTR101 (L);03/02/2020;5;1.956,37;0;578,105;0;Completo;COLETA DIÁRIA;
MILHAO;GOMIXGENTR101 (L);03/02/2020;6;2.006,66;0;587,864;0;Completo;COLETA DIÁRIA;
MILHAO;GOMIXGENTR101 (L);03/02/2020;7;2.007,79;0;588,735;0;Completo;COLETA DIÁRIA;
MILHAO;GOMIXGENTR101 (L);03/02/2020;8;2.084,93;0;599,09;0;Completo;COLETA DIÁRIA;
MILHAO;GOMIXGENTR101 (L);03/02/2020;9;2.261,07;0;664,373;0;Completo;COLETA DIÁRIA;
MILHAO;GOMIXGENTR101 (L);03/02/2020;10;2.296,90;0;655,09;0;Completo;COLETA DIÁRIA;
MILHAO;GOMIXGENTR101 (L);03/02/2020;11;2.291,90;0;621,229;0;Completo;COLETA DIÁRIA;
MILHAO;GOMIXGENTR101 (L);03/02/2020;12;2.270,46;0;612,401;0;Completo;COLETA DIÁRIA;
MILHAO;GOMIXGENTR101 (L);03/02/2020;13;2.210,79;0;605,216;0;Completo;COLETA DIÁRIA;
MILHAO;GOMIXGENTR101 (L);03/02/2020;14;1.945,22;0;543,423;0;Completo;COLETA DIÁRIA;
MILHAO;GOMIXGENTR101 (L);03/02/2020;15;2.163,77;0;613,687;0;Completo;COLETA DIÁRIA;
MILHAO;GOMIXGENTR101 (L);03/02/2020;16;1.780,01;0;489,335;0;Completo;COLETA DIÁRIA;
MILHAO;GOMIXGENTR101 (L);03/02/2020;17;1.828,79;0;551,123;0;Completo;COLETA DIÁRIA;
MILHAO;GOMIXGENTR101 (L);03/02/2020;18;1.780,42;0;540,083;0;Completo;COLETA DIÁRIA;
MILHAO;GOMIXGENTR101 (L);03/02/2020;19;195,988;0;45,868;17,931;Completo;COLETA DIÁRIA;
MILHAO;GOMIXGENTR101 (L);03/02/2020;20;222,824;0;55,568;0;Completo;COLETA DIÁRIA;
MILHAO;GOMIXGENTR101 (L);03/02/2020;21;170,46;0;47,392;0;Completo;COLETA DIÁRIA;
MILHAO;GOMIXGENTR101 (L);03/02/2020;22;1.499,87;0;442,865;0;Completo;COLETA DIÁRIA;
MILHAO;GOMIXGENTR101 (L);03/02/2020;23;1.865,32;0;555,984;0;Completo;COLETA DIÁRIA;
MILHAO;GOMIXGENTR101 (L);03/02/2020;24;1.278,57;0;331,913;1,739;Completo;COLETA DIÁRIA;
MILHAO;GOMIXGENTR101 (L);04/02/2020;1;1.228,09;0;334,881;0;Completo;COLETA DIÁRIA;
MILHAO;GOMIXGENTR101 (L);04/02/2020;2;1.581,96;0;515,019;0;Completo;COLETA DIÁRIA;
MILHAO;GOMIXGENTR101 (L);04/02/2020;3;1.656,00;0;536,629;0;Completo;COLETA DIÁRIA;
MILHAO;GOMIXGENTR101 (L);04/02/2020;4;1.790,80;0;546,04;0;Completo;COLETA DIÁRIA;
MILHAO;GOMIXGENTR101 (L);04/02/2020;5;2.009,12;0;577,764;0;Completo;COLETA DIÁRIA;
MILHAO;GOMIXGENTR101 (L);04/02/2020;6;2.054,17;0;579,115;0;Completo;COLETA DIÁRIA;
MILHAO;GOMIXGENTR101 (L);04/02/2020;7;2.084,70;0;588,168;0;Completo;COLETA DIÁRIA;
MILHAO;GOMIXGENTR101 (L);04/02/2020;8;2.008,20;0;554,396;0;Completo;COLETA DIÁRIA;
MILHAO;GOMIXGENTR101 (L);04/02/2020;9;1.234,87;0;321,583;1,846;Completo;COLETA DIÁRIA;
MILHAO;GOMIXGENTR101 (L);04/02/2020;10;422,97;0;80,657;1,356;Completo;COLETA DIÁRIA;
MILHAO;GOMIXGENTR101 (L);04/02/2020;11;380,1;0;70,242;0;Completo;COLETA DIÁRIA;
MILHAO;GOMIXGENTR101 (L);04/02/2020;12;331,198;0;84,789;0;Completo;COLETA DIÁRIA;
MILHAO;GOMIXGENTR101 (L);04/02/2020;13;247,703;0;74,572;0;Completo;COLETA DIÁRIA;
MILHAO;GOMIXGENTR101 (L);04/02/2020;14;197,118;0;68,314;0;Completo;COLETA DIÁRIA;
MILHAO;GOMIXGENTR101 (L);04/02/2020;15;353,822;0;114,989;0;Completo;COLETA DIÁRIA;
MILHAO;GOMIXGENTR101 (L);04/02/2020;16;339,162;0;101,163;0;Completo;COLETA DIÁRIA;
MILHAO;GOMIXGENTR101 (L);04/02/2020;17;326,676;0;94,892;0;Completo;COLETA DIÁRIA;
MILHAO;GOMIXGENTR101 (L);04/02/2020;18;295,242;0;88,975;0;Completo;COLETA DIÁRIA;
MILHAO;GOMIXGENTR101 (L);04/02/2020;19;221,685;0;57,594;0;Completo;COLETA DIÁRIA;
MILHAO;GOMIXGENTR101 (L);04/02/2020;20;210,478;0;67,175;0;Completo;COLETA DIÁRIA;
MILHAO;GOMIXGENTR101 (L);04/02/2020;21;175,807;0;66,785;0;Completo;COLETA DIÁRIA;
MILHAO;GOMIXGENTR101 (L);04/02/2020;22;857,932;0;232,89;0;Completo;COLETA DIÁRIA;
MILHAO;GOMIXGENTR101 (L);04/02/2020;23;1.658,40;0;504,016;0;Completo;COLETA DIÁRIA;
MILHAO;GOMIXGENTR101 (L);04/02/2020;24;1.659,67;0;495,244;0;Completo;COLETA DIÁRIA;
MILHAO;GOMIXGENTR101 (L);05/02/2020;1;1.803,17;0;542,892;0;Completo;COLETA DIÁRIA;
MILHAO;GOMIXGENTR101 (L);05/02/2020;2;1.803,05;0;539,329;0;Completo;COLETA DIÁRIA;
MILHAO;GOMIXGENTR101 (L);05/02/2020;3;1.768,82;0;554,65;0;Completo;COLETA DIÁRIA;
MILHAO;GOMIXGENTR101 (L);05/02/2020;4;1.914,70;0;596,245;0;Completo;COLETA DIÁRIA;
MILHAO;GOMIXGENTR101 (L);05/02/2020;5;1.999,74;0;602,274;0;Completo;COLETA DIÁRIA;
MILHAO;GOMIXGENTR101 (L);05/02/2020;6;1.983,64;0;571,23;0;Completo;COLETA DIÁRIA;
MILHAO;GOMIXGENTR101 (L);05/02/2020;7;2.008,56;0;586,165;0;Completo;COLETA DIÁRIA;
MILHAO;GOMIXGENTR101 (L);05/02/2020;8;2.017,25;0;585,083;0;Completo;COLETA DIÁRIA;
MILHAO;GOMIXGENTR101 (L);05/02/2020;9;2.108,74;0;629,619;0;Completo;COLETA DIÁRIA;
MILHAO;GOMIXGENTR101 (L);05/02/2020;10;1.284,79;0,006;388,803;0,082;Completo;COLETA DIÁRIA;
MILHAO;GOMIXGENTR101 (L);05/02/2020;11;1.706,23;0;521,579;0;Completo;COLETA DIÁRIA;
MILHAO;GOMIXGENTR101 (L);05/02/2020;12;1.872,33;0;561,789;0;Completo;COLETA DIÁRIA;
MILHAO;GOMIXGENTR101 (L);05/02/2020;13;1.939,13;0;580,501;0;Completo;COLETA DIÁRIA;
MILHAO;GOMIXGENTR101 (L);05/02/2020;14;1.997,62;0;597,486;0;Completo;COLETA DIÁRIA;
MILHAO;GOMIXGENTR101 (L);05/02/2020;15;2.197,15;0;652,397;0;Completo;COLETA DIÁRIA;
MILHAO;GOMIXGENTR101 (L);05/02/2020;16;1.893,01;0;531,527;0;Completo;COLETA DIÁRIA;
MILHAO;GOMIXGENTR101 (L);05/02/2020;17;1.378,43;0;270,963;0;Completo;COLETA DIÁRIA;
MILHAO;GOMIXGENTR101 (L);05/02/2020;18;1.885,50;0;567,972;0;Completo;COLETA DIÁRIA;
MILHAO;GOMIXGENTR101 (L);05/02/2020;19;243,151;0;80,799;19,974;Completo;COLETA DIÁRIA;
MILHAO;GOMIXGENTR101 (L);05/02/2020;20;141,267;0;43,654;0;Completo;COLETA DIÁRIA;
MILHAO;GOMIXGENTR101 (L);05/02/2020;21;167,639;0;51,49;0;Completo;COLETA DIÁRIA;
MILHAO;GOMIXGENTR101 (L);05/02/2020;22;1.545,59;0;507,933;0;Completo;COLETA DIÁRIA;
MILHAO;GOMIXGENTR101 (L);05/02/2020;23;1.980,18;0;607,05;0;Completo;COLETA DIÁRIA;
MILHAO;GOMIXGENTR101 (L);05/02/2020;24;1.895,60;0;579,624;0;Completo;COLETA DIÁRIA;
MILHAO;GOMIXGENTR101 (L);06/02/2020;1;2.019,35;0;623,974;0;Completo;COLETA DIÁRIA;
MILHAO;GOMIXGENTR101 (L);06/02/2020;2;2.060,41;0;646,753;0;Completo;COLETA DIÁRIA;
MILHAO;GOMIXGENTR101 (L);06/02/2020;3;2.043,71;0;645,919;0;Completo;COLETA DIÁRIA;
MILHAO;GOMIXGENTR101 (L);06/02/2020;4;2.087,16;0;658,916;0;Completo;COLETA DIÁRIA;
MILHAO;GOMIXGENTR101 (L);06/02/2020;5;2.105,47;0;658,649;0;Completo;COLETA DIÁRIA;
MILHAO;GOMIXGENTR101 (L);06/02/2020;6;1.715,63;0;525,491;0;Completo;COLETA DIÁRIA;
MILHAO;GOMIXGENTR101 (L);06/02/2020;7;2.058,14;0;632,253;0;Completo;COLETA DIÁRIA;
MILHAO;GOMIXGENTR101 (L);06/02/2020;8;2.076,39;0;643,211;0;Completo;COLETA DIÁRIA;
MILHAO;GOMIXGENTR101 (L);06/02/2020;9;1.895,66;0;596,441;0;Completo;COLETA DIÁRIA;
MILHAO;GOMIXGENTR101 (L);06/02/2020;10;1.882,49;0;592,569;0;Completo;COLETA DIÁRIA;
MILHAO;GOMIXGENTR101 (L);06/02/2020;11;1.846,21;0;575,206;0;Completo;COLETA DIÁRIA;
MILHAO;GOMIXGENTR101 (L);06/02/2020;12;1.113,43;0;384,614;0;Completo;COLETA DIÁRIA;
MILHAO;GOMIXGENTR101 (L);06/02/2020;13;1.242,02;0;424,437;0;Completo;COLETA DIÁRIA;
MILHAO;GOMIXGENTR101 (L);06/02/2020;14;1.846,60;0;570,74;0;Completo;COLETA DIÁRIA;
MILHAO;GOMIXGENTR101 (L);06/02/2020;15;1.537,18;0;462,072;0;Completo;COLETA DIÁRIA;
MILHAO;GOMIXGENTR101 (L);06/02/2020;16;1.706,47;0;529,608;0;Completo;COLETA DIÁRIA;
MILHAO;GOMIXGENTR101 (L);06/02/2020;17;2.026,90;0;605,08;0;Completo;COLETA DIÁRIA;
MILHAO;GOMIXGENTR101 (L);06/02/2020;18;1.986,71;0;596,596;0;Completo;COLETA DIÁRIA;
MILHAO;GOMIXGENTR101 (L);06/02/2020;19;247,272;0;58,088;15,774;Completo;COLETA DIÁRIA;
MILHAO;GOMIXGENTR101 (L);06/02/2020;20;207,542;0;55,843;0;Completo;COLETA DIÁRIA;
MILHAO;GOMIXGENTR101 (L);06/02/2020;21;154,535;0;46,685;0;Completo;COLETA DIÁRIA;
MILHAO;GOMIXGENTR101 (L);06/02/2020;22;1.291,66;0;430,545;0,225;Completo;COLETA DIÁRIA;
MILHAO;GOMIXGENTR101 (L);06/02/2020;23;1.782,57;0;546,291;0;Completo;COLETA DIÁRIA;
MILHAO;GOMIXGENTR101 (L);06/02/2020;24;1.892,78;0;571,753;0;Completo;COLETA DIÁRIA;
MILHAO;GOMIXGENTR101 (L);07/02/2020;1;2.008,27;0;620,64;0;Completo;COLETA DIÁRIA;
MILHAO;GOMIXGENTR101 (L);07/02/2020;2;1.782,90;0;558,603;0;Completo;COLETA DIÁRIA;
MILHAO;GOMIXGENTR101 (L);07/02/2020;3;1.654,28;0;528,543;0;Completo;COLETA DIÁRIA;
MILHAO;GOMIXGENTR101 (L);07/02/2020;4;1.960,87;0;610,663;0;Completo;COLETA DIÁRIA;
MILHAO;GOMIXGENTR101 (L);07/02/2020;5;1.838,22;0;569,29;0;Completo;COLETA DIÁRIA;
MILHAO;GOMIXGENTR101 (L);07/02/2020;6;1.963,06;0;598,021;0;Completo;COLETA DIÁRIA;
MILHAO;GOMIXGENTR101 (L);07/02/2020;7;1.917,50;0;559,369;0;Completo;COLETA DIÁRIA;
MILHAO;GOMIXGENTR101 (L);07/02/2020;8;1.977,96;0;607,022;0;Completo;COLETA DIÁRIA;
MILHAO;GOMIXGENTR101 (L);07/02/2020;9;1.852,91;0;579,142;0;Completo;COLETA DIÁRIA;
MILHAO;GOMIXGENTR101 (L);07/02/2020;10;1.285,67;0;377,856;0;Completo;COLETA DIÁRIA;
MILHAO;GOMIXGENTR101 (L);07/02/2020;11;881,896;0;206,575;6,667;Completo;COLETA DIÁRIA;
MILHAO;GOMIXGENTR101 (L);07/02/2020;12;639,298;0;94,289;0;Completo;COLETA DIÁRIA;
MILHAO;GOMIXGENTR101 (L);07/02/2020;13;636,692;0;95,807;0;Completo;COLETA DIÁRIA;
MILHAO;GOMIXGENTR101 (L);07/02/2020;14;582,774;0;80,006;0;Completo;COLETA DIÁRIA;
MILHAO;GOMIXGENTR101 (L);07/02/2020;15;559,664;0;88,568;0;Completo;COLETA DIÁRIA;
MILHAO;GOMIXGENTR101 (L);07/02/2020;16;555,273;0;93,093;0;Completo;COLETA DIÁRIA;
MILHAO;GOMIXGENTR101 (L);07/02/2020;17;570,002;0;101,973;0;Completo;COLETA DIÁRIA;
MILHAO;GOMIXGENTR101 (L);07/02/2020;18;489,746;0;105,004;0;Completo;COLETA DIÁRIA;
MILHAO;GOMIXGENTR101 (L);07/02/2020;19;240,367;0;57,48;0;Completo;COLETA DIÁRIA;
MILHAO;GOMIXGENTR101 (L);07/02/2020;20;261,278;0;60,725;0;Completo;COLETA DIÁRIA;
MILHAO;GOMIXGENTR101 (L);07/02/2020;21;210,865;0;65,035;0;Completo;COLETA DIÁRIA;
MILHAO;GOMIXGENTR101 (L);07/02/2020;22;1.003,80;0;340,501;0;Completo;COLETA DIÁRIA;
MILHAO;GOMIXGENTR101 (L);07/02/2020;23;1.760,82;0;565,85;0;Completo;COLETA DIÁRIA;
MILHAO;GOMIXGENTR101 (L);07/02/2020;24;1.937,69;0;596,472;0;Completo;COLETA DIÁRIA;
MILHAO;GOMIXGENTR101 (L);08/02/2020;1;2.018,88;0;625,021;0;Completo;COLETA DIÁRIA;
MILHAO;GOMIXGENTR101 (L);08/02/2020;2;2.028,23;0;625,068;0;Completo;COLETA DIÁRIA;
MILHAO;GOMIXGENTR101 (L);08/02/2020;3;2.014,15;0;617,163;0;Completo;COLETA DIÁRIA;
MILHAO;GOMIXGENTR101 (L);08/02/2020;4;2.005,06;0;630,063;0;Completo;COLETA DIÁRIA;
MILHAO;GOMIXGENTR101 (L);08/02/2020;5;1.914,46;0;601,397;0;Completo;COLETA DIÁRIA;
MILHAO;GOMIXGENTR101 (L);08/02/2020;6;1.989,07;0;611,934;0;Completo;COLETA DIÁRIA;
MILHAO;GOMIXGENTR101 (L);08/02/2020;7;2.000,86;0;607,694;0;Completo;COLETA DIÁRIA;
MILHAO;GOMIXGENTR101 (L);08/02/2020;8;2.027,50;0;622,541;0;Completo;COLETA DIÁRIA;
MILHAO;GOMIXGENTR101 (L);08/02/2020;9;1.995,47;0;609,038;0;Completo;COLETA DIÁRIA;
MILHAO;GOMIXGENTR101 (L);08/02/2020;10;1.984,65;0;602,253;0;Completo;COLETA DIÁRIA;
MILHAO;GOMIXGENTR101 (L);08/02/2020;11;1.960,67;0;598,962;0;Completo;COLETA DIÁRIA;
MILHAO;GOMIXGENTR101 (L);08/02/2020;12;2.075,79;0;635,243;0;Completo;COLETA DIÁRIA;
MILHAO;GOMIXGENTR101 (L);08/02/2020;13;2.041,95;0;624,638;0;Completo;COLETA DIÁRIA;
MILHAO;GOMIXGENTR101 (L);08/02/2020;14;2.071,92;0;628,684;0;Completo;COLETA DIÁRIA;
MILHAO;GOMIXGENTR101 (L);08/02/2020;15;2.120,56;0;656,049;0;Completo;COLETA DIÁRIA;
MILHAO;GOMIXGENTR101 (L);08/02/2020;16;2.032,36;0;626,625;0;Completo;COLETA DIÁRIA;
MILHAO;GOMIXGENTR101 (L);08/02/2020;17;2.039,51;0;612,697;0;Completo;COLETA DIÁRIA;
MILHAO;GOMIXGENTR101 (L);08/02/2020;18;2.098,73;0;643,622;0;Completo;COLETA DIÁRIA;
MILHAO;GOMIXGENTR101 (L);08/02/2020;19;2.077,87;0;646,352;0;Completo;COLETA DIÁRIA;
MILHAO;GOMIXGENTR101 (L);08/02/2020;20;2.053,47;0;620,774;0;Completo;COLETA DIÁRIA;
MILHAO;GOMIXGENTR101 (L);08/02/2020;21;2.061,13;0;632,882;0;Completo;COLETA DIÁRIA;
MILHAO;GOMIXGENTR101 (L);08/02/2020;22;1.743,44;0;560,923;3,6;Completo;COLETA DIÁRIA;
MILHAO;GOMIXGENTR101 (L);08/02/2020;23;53,708;0;34,209;12,135;Completo;COLETA DIÁRIA;
MILHAO;GOMIXGENTR101 (L);08/02/2020;24;41,914;0;35,603;0;Completo;COLETA DIÁRIA;
MILHAO;GOMIXGENTR101 (L);09/02/2020;1;41,549;0;34,489;0;Completo;COLETA DIÁRIA;
MILHAO;GOMIXGENTR101 (L);09/02/2020;2;41,401;0;34,63;0;Completo;COLETA DIÁRIA;
MILHAO;GOMIXGENTR101 (L);09/02/2020;3;40,137;0;34,886;0;Completo;COLETA DIÁRIA;
MILHAO;GOMIXGENTR101 (L);09/02/2020;4;40,557;0;35,476;0;Completo;COLETA DIÁRIA;
MILHAO;GOMIXGENTR101 (L);09/02/2020;5;39,703;0;35,662;0;Completo;COLETA DIÁRIA;
MILHAO;GOMIXGENTR101 (L);09/02/2020;6;40,008;0;36,604;0;Completo;COLETA DIÁRIA;
MILHAO;GOMIXGENTR101 (L);09/02/2020;7;40,378;0;41,033;0;Completo;COLETA DIÁRIA;
MILHAO;GOMIXGENTR101 (L);09/02/2020;8;32,815;0;39,197;0;Completo;COLETA DIÁRIA;
MILHAO;GOMIXGENTR101 (L);09/02/2020;9;34,366;0;37,232;0;Completo;COLETA DIÁRIA;
MILHAO;GOMIXGENTR101 (L);09/02/2020;10;34,665;0;34,491;0;Completo;COLETA DIÁRIA;
MILHAO;GOMIXGENTR101 (L);09/02/2020;11;33,505;0;33,303;0;Completo;COLETA DIÁRIA;
MILHAO;GOMIXGENTR101 (L);09/02/2020;12;32,192;0;31,895;0;Completo;COLETA DIÁRIA;
MILHAO;GOMIXGENTR101 (L);09/02/2020;13;31,942;0;32,322;0;Completo;COLETA DIÁRIA;
MILHAO;GOMIXGENTR101 (L);09/02/2020;14;32,646;0;33,682;0;Completo;COLETA DIÁRIA;
MILHAO;GOMIXGENTR101 (L);09/02/2020;15;32,959;0;34,441;0;Completo;COLETA DIÁRIA;
MILHAO;GOMIXGENTR101 (L);09/02/2020;16;32,354;0;34,247;0;Completo;COLETA DIÁRIA;
MILHAO;GOMIXGENTR101 (L);09/02/2020;17;31,119;0;32,817;0;Completo;COLETA DIÁRIA;
MILHAO;GOMIXGENTR101 (L);09/02/2020;18;31,632;0;32,239;0;Completo;COLETA DIÁRIA;
MILHAO;GOMIXGENTR101 (L);09/02/2020;19;32,84;0;32,071;0;Completo;COLETA DIÁRIA;
MILHAO;GOMIXGENTR101 (L);09/02/2020;20;36,16;0;32,785;0;Completo;COLETA DIÁRIA;
MILHAO;GOMIXGENTR101 (L);09/02/2020;21;35,657;0;37,313;0;Completo;COLETA DIÁRIA;
MILHAO;GOMIXGENTR101 (L);09/02/2020;22;48,247;0;36,204;0;Completo;COLETA DIÁRIA;
MILHAO;GOMIXGENTR101 (L);09/02/2020;23;147,977;0;55,697;0;Completo;COLETA DIÁRIA;
MILHAO;GOMIXGENTR101 (L);09/02/2020;24;477,905;0;162,764;0;Completo;COLETA DIÁRIA;
MILHAO;GOMIXGENTR101 (L);10/02/2020;1;1.724,06;0;566,839;0;Completo;COLETA DIÁRIA;
MILHAO;GOMIXGENTR101 (L);10/02/2020;2;1.979,22;0;636,684;0;Completo;COLETA DIÁRIA;
MILHAO;GOMIXGENTR101 (L);10/02/2020;3;2.034,99;0;636,809;0;Completo;COLETA DIÁRIA;
MILHAO;GOMIXGENTR101 (L);10/02/2020;4;1.977,20;0;604,415;0;Completo;COLETA DIÁRIA;
MILHAO;GOMIXGENTR101 (L);10/02/2020;5;1.972,32;0;609,902;0;Completo;COLETA DIÁRIA;
MILHAO;GOMIXGENTR101 (L);10/02/2020;6;1.987,23;0;597,713;0;Completo;COLETA DIÁRIA;
MILHAO;GOMIXGENTR101 (L);10/02/2020;7;1.208,80;0;310,722;3,046;Completo;COLETA DIÁRIA;
MILHAO;GOMIXGENTR101 (L);10/02/2020;8;824,813;0;138,474;0;Completo;COLETA DIÁRIA;
MILHAO;GOMIXGENTR101 (L);10/02/2020;9;806,877;0;141,19;0;Completo;COLETA DIÁRIA;
MILHAO;GOMIXGENTR101 (L);10/02/2020;10;657,32;0;106,535;0,149;Completo;COLETA DIÁRIA;
MILHAO;GOMIXGENTR101 (L);10/02/2020;11;576,125;0;136,404;0;Completo;COLETA DIÁRIA;
MILHAO;GOMIXGENTR101 (L);10/02/2020;12;467,029;0;95,057;0;Completo;COLETA DIÁRIA;
MILHAO;GOMIXGENTR101 (L);10/02/2020;13;437,891;0;84,533;0;Completo;COLETA DIÁRIA;
MILHAO;GOMIXGENTR101 (L);10/02/2020;14;463,031;0;80,633;0;Completo;COLETA DIÁRIA;
MILHAO;GOMIXGENTR101 (L);10/02/2020;15;535,443;0;114,27;0;Completo;COLETA DIÁRIA;
MILHAO;GOMIXGENTR101 (L);10/02/2020;16;580,242;0;110,679;0;Completo;COLETA DIÁRIA;
MILHAO;GOMIXGENTR101 (L);10/02/2020;17;447,138;0;102,205;0,052;Completo;COLETA DIÁRIA;
MILHAO;GOMIXGENTR101 (L);10/02/2020;18;332,281;0;94,105;0,075;Completo;COLETA DIÁRIA;
MILHAO;GOMIXGENTR101 (L);10/02/2020;19;141,026;0;51,452;0;Completo;COLETA DIÁRIA;
MILHAO;GOMIXGENTR101 (L);10/02/2020;20;157,722;0;45,447;0;Completo;COLETA DIÁRIA;
MILHAO;GOMIXGENTR101 (L);10/02/2020;21;144,689;0;42,609;0;Completo;COLETA DIÁRIA;
MILHAO;GOMIXGENTR101 (L);10/02/2020;22;1.094,16;0;291,828;0,464;Completo;COLETA DIÁRIA;
MILHAO;GOMIXGENTR101 (L);10/02/2020;23;1.562,87;0;488,937;0;Completo;COLETA DIÁRIA;
MILHAO;GOMIXGENTR101 (L);10/02/2020;24;1.913,01;0;604,933;0;Completo;COLETA DIÁRIA;
MILHAO;GOMIXGENTR101 (L);11/02/2020;1;2.026,06;0;633,832;0;Completo;COLETA DIÁRIA;
MILHAO;GOMIXGENTR101 (L);11/02/2020;2;2.049,73;0;646,771;0;Completo;COLETA DIÁRIA;
MILHAO;GOMIXGENTR101 (L);11/02/2020;3;2.054,92;0;654,858;0;Completo;COLETA DIÁRIA;
MILHAO;GOMIXGENTR101 (L);11/02/2020;4;2.041,61;0;617,145;0;Completo;COLETA DIÁRIA;
MILHAO;GOMIXGENTR101 (L);11/02/2020;5;2.054,04;0;612,022;0;Completo;COLETA DIÁRIA;
MILHAO;GOMIXGENTR101 (L);11/02/2020;6;2.057,02;0;605,245;0;Completo;COLETA DIÁRIA;
MILHAO;GOMIXGENTR101 (L);11/02/2020;7;2.056,01;0;599,92;0;Completo;COLETA DIÁRIA;
MILHAO;GOMIXGENTR101 (L);11/02/2020;8;2.079,23;0;609,514;0;Completo;COLETA DIÁRIA;
MILHAO;GOMIXGENTR101 (L);11/02/2020;9;2.215,41;0;648,315;0;Completo;COLETA DIÁRIA;
MILHAO;GOMIXGENTR101 (L);11/02/2020;10;2.281,27;0;654,887;0;Completo;COLETA DIÁRIA;
MILHAO;GOMIXGENTR101 (L);11/02/2020;11;2.155,92;0;627,333;0;Completo;COLETA DIÁRIA;
MILHAO;GOMIXGENTR101 (L);11/02/2020;12;2.065,36;0;600,375;0;Completo;COLETA DIÁRIA;
MILHAO;GOMIXGENTR101 (L);11/02/2020;13;2.083,79;0;617,213;0;Completo;COLETA DIÁRIA;
MILHAO;GOMIXGENTR101 (L);11/02/2020;14;2.017,61;0;595,053;0;Completo;COLETA DIÁRIA;
MILHAO;GOMIXGENTR101 (L);11/02/2020;15;2.087,62;0;606,72;0;Completo;COLETA DIÁRIA;
MILHAO;GOMIXGENTR101 (L);11/02/2020;16;2.118,06;0;627,279;0;Completo;COLETA DIÁRIA;
MILHAO;GOMIXGENTR101 (L);11/02/2020;17;2.096,88;0;624,22;0;Completo;COLETA DIÁRIA;
MILHAO;GOMIXGENTR101 (L);11/02/2020;18;2.011,98;0;610,424;0;Completo;COLETA DIÁRIA;
MILHAO;GOMIXGENTR101 (L);11/02/2020;19;175,313;0;51,96;18,545;Completo;COLETA DIÁRIA;
MILHAO;GOMIXGENTR101 (L);11/02/2020;20;160,089;0;49,054;0;Completo;COLETA DIÁRIA;
MILHAO;GOMIXGENTR101 (L);11/02/2020;21;171,333;0;58,752;0;Completo;COLETA DIÁRIA;
MILHAO;GOMIXGENTR101 (L);11/02/2020;22;1.530,74;0;513,566;0;Completo;COLETA DIÁRIA;
MILHAO;GOMIXGENTR101 (L);11/02/2020;23;1.906,15;0;594,117;0;Completo;COLETA DIÁRIA;
MILHAO;GOMIXGENTR101 (L);11/02/2020;24;2.045,41;0;625,571;0;Completo;COLETA DIÁRIA;
MILHAO;GOMIXGENTR101 (L);12/02/2020;1;2.037,46;0;615,983;0;Completo;COLETA DIÁRIA;
MILHAO;GOMIXGENTR101 (L);12/02/2020;2;2.035,75;0;612,504;0;Completo;COLETA DIÁRIA;
MILHAO;GOMIXGENTR101 (L);12/02/2020;3;2.007,87;0;610,143;0;Completo;COLETA DIÁRIA;
MILHAO;GOMIXGENTR101 (L);12/02/2020;4;1.959,65;0;601,818;0;Completo;COLETA DIÁRIA;
MILHAO;GOMIXGENTR101 (L);12/02/2020;5;2.004,22;0;604,724;0;Completo;COLETA DIÁRIA;
MILHAO;GOMIXGENTR101 (L);12/02/2020;6;2.043,25;0;612,519;0;Completo;COLETA DIÁRIA;
MILHAO;GOMIXGENTR101 (L);12/02/2020;7;2.041,24;0;606,895;0;Completo;COLETA DIÁRIA;
MILHAO;GOMIXGENTR101 (L);12/02/2020;8;2.068,05;0;607,315;0;Completo;COLETA DIÁRIA;
MILHAO;GOMIXGENTR101 (L);12/02/2020;9;1.917,46;0;552,002;0;Completo;COLETA DIÁRIA;
MILHAO;GOMIXGENTR101 (L);12/02/2020;10;2.010,72;0;611,153;0;Completo;COLETA DIÁRIA;
MILHAO;GOMIXGENTR101 (L);12/02/2020;11;2.186,35;0;697,835;0;Completo;COLETA DIÁRIA;
MILHAO;GOMIXGENTR101 (L);12/02/2020;12;2.379,13;0;757,243;0;Completo;COLETA DIÁRIA;
MILHAO;GOMIXGENTR101 (L);12/02/2020;13;2.193,94;0;658,286;0;Completo;COLETA DIÁRIA;
MILHAO;GOMIXGENTR101 (L);12/02/2020;14;2.137,15;0;624,975;0;Completo;COLETA DIÁRIA;
MILHAO;GOMIXGENTR101 (L);12/02/2020;15;2.243,64;0;683,89;0;Completo;COLETA DIÁRIA;
MILHAO;GOMIXGENTR101 (L);12/02/2020;16;2.246,64;0;657,483;0;Completo;COLETA DIÁRIA;
MILHAO;GOMIXGENTR101 (L);12/02/2020;17;1.937,87;0;569,522;0;Completo;COLETA DIÁRIA;
MILHAO;GOMIXGENTR101 (L);12/02/2020;18;1.879,10;0;558,754;10,44;Completo;COLETA DIÁRIA;
MILHAO;GOMIXGENTR101 (L);12/02/2020;19;158,796;0;40,531;9,783;Completo;COLETA DIÁRIA;
MILHAO;GOMIXGENTR101 (L);12/02/2020;20;175,613;0;45,311;0;Completo;COLETA DIÁRIA;
MILHAO;GOMIXGENTR101 (L);12/02/2020;21;170,275;0;47,965;0;Completo;COLETA DIÁRIA;
MILHAO;GOMIXGENTR101 (L);12/02/2020;22;1.563,37;0;506,133;0;Completo;COLETA DIÁRIA;
MILHAO;GOMIXGENTR101 (L);12/02/2020;23;1.882,34;0;590,521;0;Completo;COLETA DIÁRIA;
MILHAO;GOMIXGENTR101 (L);12/02/2020;24;2.055,10;0;621,854;0;Completo;COLETA DIÁRIA;
MILHAO;GOMIXGENTR101 (L);13/02/2020;1;2.099,73;0;607,396;0;Completo;COLETA DIÁRIA;
MILHAO;GOMIXGENTR101 (L);13/02/2020;2;2.096,57;0;621,288;0;Completo;COLETA DIÁRIA;
MILHAO;GOMIXGENTR101 (L);13/02/2020;3;2.109,26;0;632,745;0;Completo;COLETA DIÁRIA;
MILHAO;GOMIXGENTR101 (L);13/02/2020;4;2.110,99;0;638,758;0;Completo;COLETA DIÁRIA;
MILHAO;GOMIXGENTR101 (L);13/02/2020;5;2.140,67;0;650,418;0;Completo;COLETA DIÁRIA;
MILHAO;GOMIXGENTR101 (L);13/02/2020;6;2.127,61;0;636,831;0;Completo;COLETA DIÁRIA;
MILHAO;GOMIXGENTR101 (L);13/02/2020;7;2.125,03;0;647,379;0;Completo;COLETA DIÁRIA;
MILHAO;GOMIXGENTR101 (L);13/02/2020;8;2.146,82;0;642,863;0;Completo;COLETA DIÁRIA;
MILHAO;GOMIXGENTR101 (L);13/02/2020;9;2.230,33;0;660,386;0;Completo;COLETA DIÁRIA;
MILHAO;GOMIXGENTR101 (L);13/02/2020;10;2.293,75;0;657,928;0;Completo;COLETA DIÁRIA;
MILHAO;GOMIXGENTR101 (L);13/02/2020;11;2.333,83;0;676,126;0;Completo;COLETA DIÁRIA;
MILHAO;GOMIXGENTR101 (L);13/02/2020;12;2.175,92;0;623,726;0;Completo;COLETA DIÁRIA;
MILHAO;GOMIXGENTR101 (L);13/02/2020;13;2.127,99;0;624,471;0;Completo;COLETA DIÁRIA;
MILHAO;GOMIXGENTR101 (L);13/02/2020;14;1.893,15;0;571,306;0;Completo;COLETA DIÁRIA;
MILHAO;GOMIXGENTR101 (L);13/02/2020;15;1.238,49;0;381,06;0,038;Completo;COLETA DIÁRIA;
MILHAO;GOMIXGENTR101 (L);13/02/2020;16;1.338,75;0;437,976;0;Completo;COLETA DIÁRIA;
MILHAO;GOMIXGENTR101 (L);13/02/2020;17;1.921,48;0;595,152;0;Completo;COLETA DIÁRIA;
MILHAO;GOMIXGENTR101 (L);13/02/2020;18;1.852,88;0;576,178;0;Completo;COLETA DIÁRIA;
MILHAO;GOMIXGENTR101 (L);13/02/2020;19;166,234;0;44,442;18,512;Completo;COLETA DIÁRIA;
MILHAO;GOMIXGENTR101 (L);13/02/2020;20;158,353;0;43,726;0;Completo;COLETA DIÁRIA;
MILHAO;GOMIXGENTR101 (L);13/02/2020;21;172,943;0;52,247;0;Completo;COLETA DIÁRIA;
MILHAO;GOMIXGENTR101 (L);13/02/2020;22;1.642,17;0;512,15;0;Completo;COLETA DIÁRIA;
MILHAO;GOMIXGENTR101 (L);13/02/2020;23;2.024,72;0;604,083;0;Completo;COLETA DIÁRIA;
MILHAO;GOMIXGENTR101 (L);13/02/2020;24;2.068,15;0;619,952;0;Completo;COLETA DIÁRIA;
MILHAO;GOMIXGENTR101 (L);14/02/2020;1;2.054,80;0;622,863;0;Completo;COLETA DIÁRIA;
MILHAO;GOMIXGENTR101 (L);14/02/2020;2;2.097,33;0;639,319;0;Completo;COLETA DIÁRIA;
MILHAO;GOMIXGENTR101 (L);14/02/2020;3;2.062,68;0;627,731;0;Completo;COLETA DIÁRIA;
MILHAO;GOMIXGENTR101 (L);14/02/2020;4;2.103,73;0;645,86;0;Completo;COLETA DIÁRIA;
MILHAO;GOMIXGENTR101 (L);14/02/2020;5;2.100,25;0;642,402;0;Completo;COLETA DIÁRIA;
MILHAO;GOMIXGENTR101 (L);14/02/2020;6;2.086,82;0;629,805;0;Completo;COLETA DIÁRIA;
MILHAO;GOMIXGENTR101 (L);14/02/2020;7;2.129,88;0;646,963;0;Completo;COLETA DIÁRIA;
MILHAO;GOMIXGENTR101 (L);14/02/2020;8;2.182,88;0;644,083;0;Completo;COLETA DIÁRIA;
MILHAO;GOMIXGENTR101 (L);14/02/2020;9;2.211,84;0;647,812;0;Completo;COLETA DIÁRIA;
MILHAO;GOMIXGENTR101 (L);14/02/2020;10;2.283,47;0;666,734;0;Completo;COLETA DIÁRIA;
MILHAO;GOMIXGENTR101 (L);14/02/2020;11;2.255,71;0;655,586;0;Completo;COLETA DIÁRIA;
MILHAO;GOMIXGENTR101 (L);14/02/2020;12;2.223,99;0;642,335;0;Completo;COLETA DIÁRIA;
MILHAO;GOMIXGENTR101 (L);14/02/2020;13;2.216,94;0;651,164;0;Completo;COLETA DIÁRIA;
MILHAO;GOMIXGENTR101 (L);14/02/2020;14;1.551,73;0,001;481,174;0,054;Completo;COLETA DIÁRIA;
MILHAO;GOMIXGENTR101 (L);14/02/2020;15;1.859,97;0;581,804;0;Completo;COLETA DIÁRIA;
MILHAO;GOMIXGENTR101 (L);14/02/2020;16;1.819,77;0;573,156;0;Completo;COLETA DIÁRIA;
MILHAO;GOMIXGENTR101 (L);14/02/2020;17;1.994,42;0;584,678;0;Completo;COLETA DIÁRIA;
MILHAO;GOMIXGENTR101 (L);14/02/2020;18;1.822,73;0;569,313;15,351;Completo;COLETA DIÁRIA;
MILHAO;GOMIXGENTR101 (L);14/02/2020;19;204,308;0;44,788;3,267;Completo;COLETA DIÁRIA;
MILHAO;GOMIXGENTR101 (L);14/02/2020;20;198,108;0;61,493;0;Completo;COLETA DIÁRIA;
MILHAO;GOMIXGENTR101 (L);14/02/2020;21;187,322;0;59,225;0;Completo;COLETA DIÁRIA;
MILHAO;GOMIXGENTR101 (L);14/02/2020;22;1.575,82;0;526,266;0;Completo;COLETA DIÁRIA;
MILHAO;GOMIXGENTR101 (L);14/02/2020;23;1.993,14;0;608,166;0;Completo;COLETA DIÁRIA;
MILHAO;GOMIXGENTR101 (L);14/02/2020;24;2.031,66;0;615,193;0;Completo;COLETA DIÁRIA;
MILHAO;GOMIXGENTR101 (L);15/02/2020;1;2.034,68;0;619,461;0;Completo;COLETA DIÁRIA;
MILHAO;GOMIXGENTR101 (L);15/02/2020;2;2.060,01;0;630,252;0;Completo;COLETA DIÁRIA;
MILHAO;GOMIXGENTR101 (L);15/02/2020;3;2.062,84;0;632,411;0;Completo;COLETA DIÁRIA;
MILHAO;GOMIXGENTR101 (L);15/02/2020;4;2.046,72;0;631,718;0;Completo;COLETA DIÁRIA;
MILHAO;GOMIXGENTR101 (L);15/02/2020;5;2.032,02;0;624,916;0;Completo;COLETA DIÁRIA;
MILHAO;GOMIXGENTR101 (L);15/02/2020;6;2.032,76;0;623,411;0;Completo;COLETA DIÁRIA;
MILHAO;GOMIXGENTR101 (L);15/02/2020;7;2.011,81;0;631,104;0;Completo;COLETA DIÁRIA;
MILHAO;GOMIXGENTR101 (L);15/02/2020;8;2.045,10;0;626,849;0;Completo;COLETA DIÁRIA;
MILHAO;GOMIXGENTR101 (L);15/02/2020;9;1.887,11;0;577,872;0;Completo;COLETA DIÁRIA;
MILHAO;GOMIXGENTR101 (L);15/02/2020;10;1.632,35;0;521,717;0;Completo;COLETA DIÁRIA;
MILHAO;GOMIXGENTR101 (L);15/02/2020;11;2.033,47;0;614,506;0;Completo;COLETA DIÁRIA;
MILHAO;GOMIXGENTR101 (L);15/02/2020;12;1.894,06;0;583,73;0;Completo;COLETA DIÁRIA;
MILHAO;GOMIXGENTR101 (L);15/02/2020;13;2.104,53;0;632,425;0;Completo;COLETA DIÁRIA;
MILHAO;GOMIXGENTR101 (L);15/02/2020;14;2.142,05;0;628,082;0;Completo;COLETA DIÁRIA;
MILHAO;GOMIXGENTR101 (L);15/02/2020;15;2.129,87;0;626,154;0;Completo;COLETA DIÁRIA;
MILHAO;GOMIXGENTR101 (L);15/02/2020;16;2.159,00;0;643,158;0;Completo;COLETA DIÁRIA;
MILHAO;GOMIXGENTR101 (L);15/02/2020;17;2.139,53;0;630,716;0;Completo;COLETA DIÁRIA;
MILHAO;GOMIXGENTR101 (L);15/02/2020;18;2.105,79;0;604,008;0;Completo;COLETA DIÁRIA;
MILHAO;GOMIXGENTR101 (L);15/02/2020;19;2.124,47;0;613,098;0;Completo;COLETA DIÁRIA;
MILHAO;GOMIXGENTR101 (L);15/02/2020;20;2.128,03;0;620,342;0;Completo;COLETA DIÁRIA;
MILHAO;GOMIXGENTR101 (L);15/02/2020;21;1.997,62;0;610,188;0;Completo;COLETA DIÁRIA;
MILHAO;GOMIXGENTR101 (L);15/02/2020;22;1.741,41;0;558,61;0;Completo;COLETA DIÁRIA;
MILHAO;GOMIXGENTR101 (L);15/02/2020;23;58,393;0;29,798;16,763;Completo;COLETA DIÁRIA;
MILHAO;GOMIXGENTR101 (L);15/02/2020;24;42,511;0;33,084;0;Completo;COLETA DIÁRIA;
MILHAO;GOMIXGENTR101 (L);16/02/2020;1;41,518;0;31,623;0;Completo;COLETA DIÁRIA;
MILHAO;GOMIXGENTR101 (L);16/02/2020;2;40,194;0;30,224;0;Completo;COLETA DIÁRIA;
MILHAO;GOMIXGENTR101 (L);16/02/2020;3;40,504;0;32,109;0;Completo;COLETA DIÁRIA;
MILHAO;GOMIXGENTR101 (L);16/02/2020;4;40,327;0;33,084;0;Completo;COLETA DIÁRIA;
MILHAO;GOMIXGENTR101 (L);16/02/2020;5;43,045;0;34,531;0;Completo;COLETA DIÁRIA;
MILHAO;GOMIXGENTR101 (L);16/02/2020;6;41,066;0;32,908;0;Completo;COLETA DIÁRIA;
MILHAO;GOMIXGENTR101 (L);16/02/2020;7;36,523;0;35,099;0;Completo;COLETA DIÁRIA;
MILHAO;GOMIXGENTR101 (L);16/02/2020;8;33,705;0;34,897;0;Completo;COLETA DIÁRIA;
MILHAO;GOMIXGENTR101 (L);16/02/2020;9;35,342;0;30,953;0;Completo;COLETA DIÁRIA;
MILHAO;GOMIXGENTR101 (L);16/02/2020;10;39,934;0;33,664;0;Completo;COLETA DIÁRIA;
MILHAO;GOMIXGENTR101 (L);16/02/2020;11;45,318;0;33,027;0;Completo;COLETA DIÁRIA;
MILHAO;GOMIXGENTR101 (L);16/02/2020;12;47,799;0;32,48;0;Completo;COLETA DIÁRIA;
MILHAO;GOMIXGENTR101 (L);16/02/2020;13;49,774;0;34,371;0;Completo;COLETA DIÁRIA;
MILHAO;GOMIXGENTR101 (L);16/02/2020;14;73,504;0;40,636;0;Completo;COLETA DIÁRIA;
MILHAO;GOMIXGENTR101 (L);16/02/2020;15;87,255;0;44,842;0;Completo;COLETA DIÁRIA;
MILHAO;GOMIXGENTR101 (L);16/02/2020;16;72,571;0;43,732;0;Completo;COLETA DIÁRIA;
MILHAO;GOMIXGENTR101 (L);16/02/2020;17;81,344;0;44,877;0;Completo;COLETA DIÁRIA;
MILHAO;GOMIXGENTR101 (L);16/02/2020;18;43,854;0;37,318;0;Completo;COLETA DIÁRIA;
MILHAO;GOMIXGENTR101 (L);16/02/2020;19;45,143;0;36,743;0;Completo;COLETA DIÁRIA;
MILHAO;GOMIXGENTR101 (L);16/02/2020;20;46,656;0;34,392;0;Completo;COLETA DIÁRIA;
MILHAO;GOMIXGENTR101 (L);16/02/2020;21;46,857;0;34,948;0;Completo;COLETA DIÁRIA;
MILHAO;GOMIXGENTR101 (L);16/02/2020;22;61,903;0;37,873;0;Completo;COLETA DIÁRIA;
MILHAO;GOMIXGENTR101 (L);16/02/2020;23;597,771;0;191,134;0;Completo;COLETA DIÁRIA;
MILHAO;GOMIXGENTR101 (L);16/02/2020;24;1.856,05;0;561,909;0;Completo;COLETA DIÁRIA;
MILHAO;GOMIXGENTR101 (L);17/02/2020;1;2.096,42;0;602,161;0;Completo;COLETA DIÁRIA;
MILHAO;GOMIXGENTR101 (L);17/02/2020;2;2.108,09;0;593,505;0;Completo;COLETA DIÁRIA;
MILHAO;GOMIXGENTR101 (L);17/02/2020;3;2.109,36;0;604,482;0;Completo;COLETA DIÁRIA;
MILHAO;GOMIXGENTR101 (L);17/02/2020;4;2.093,39;0;618,533;0;Completo;COLETA DIÁRIA;
MILHAO;GOMIXGENTR101 (L);17/02/2020;5;2.081,05;0;612,44;0;Completo;COLETA DIÁRIA;
MILHAO;GOMIXGENTR101 (L);17/02/2020;6;2.033,85;0;570,78;0;Completo;COLETA DIÁRIA;
MILHAO;GOMIXGENTR101 (L);17/02/2020;7;1.506,34;0;323,094;4,399;Completo;COLETA DIÁRIA;
MILHAO;GOMIXGENTR101 (L);17/02/2020;8;921,611;0;124,697;0;Completo;COLETA DIÁRIA;
MILHAO;GOMIXGENTR101 (L);17/02/2020;9;956,581;0;144,192;0;Completo;COLETA DIÁRIA;
MILHAO;GOMIXGENTR101 (L);17/02/2020;10;899,814;0;130,777;0;Completo;COLETA DIÁRIA;
MILHAO;GOMIXGENTR101 (L);17/02/2020;11;874,538;0;149,277;0;Completo;COLETA DIÁRIA;
MILHAO;GOMIXGENTR101 (L);17/02/2020;12;937,378;0;155,068;0;Completo;COLETA DIÁRIA;
MILHAO;GOMIXGENTR101 (L);17/02/2020;13;757,117;0;99,223;0,576;Completo;COLETA DIÁRIA;
MILHAO;GOMIXGENTR101 (L);17/02/2020;14;765,839;0;102,8;0;Completo;COLETA DIÁRIA;
MILHAO;GOMIXGENTR101 (L);17/02/2020;15;844,475;0;129,701;0;Completo;COLETA DIÁRIA;
MILHAO;GOMIXGENTR101 (L);17/02/2020;16;802,203;0;121,236;0;Completo;COLETA DIÁRIA;
MILHAO;GOMIXGENTR101 (L);17/02/2020;17;302,798;0;39,007;0,508;Completo;COLETA DIÁRIA;
MILHAO;GOMIXGENTR101 (L);17/02/2020;18;243,834;0;23,117;0,909;Completo;COLETA DIÁRIA;
MILHAO;GOMIXGENTR101 (L);17/02/2020;19;135,899;0;11,532;0,215;Completo;COLETA DIÁRIA;
MILHAO;GOMIXGENTR101 (L);17/02/2020;20;144,212;0;10,985;0;Completo;COLETA DIÁRIA;
MILHAO;GOMIXGENTR101 (L);17/02/2020;21;151,706;0;16,298;0;Completo;COLETA DIÁRIA;
MILHAO;GOMIXGENTR101 (L);17/02/2020;22;1.411,69;0;477,916;0;Completo;COLETA DIÁRIA;
MILHAO;GOMIXGENTR101 (L);17/02/2020;23;2.014,52;0;606,785;0;Completo;COLETA DIÁRIA;
MILHAO;GOMIXGENTR101 (L);17/02/2020;24;2.058,83;0;606,18;0;Completo;COLETA DIÁRIA;
MILHAO;GOMIXGENTR101 (L);18/02/2020;1;2.070,18;0;609,205;0;Completo;COLETA DIÁRIA;
MILHAO;GOMIXGENTR101 (L);18/02/2020;2;2.045,24;0;611,197;0;Completo;COLETA DIÁRIA;
MILHAO;GOMIXGENTR101 (L);18/02/2020;3;2.076,71;0;634,507;0;Completo;COLETA DIÁRIA;
MILHAO;GOMIXGENTR101 (L);18/02/2020;4;2.094,59;0;641,512;0;Completo;COLETA DIÁRIA;
MILHAO;GOMIXGENTR101 (L);18/02/2020;5;2.098,70;0;641,753;0;Completo;COLETA DIÁRIA;
MILHAO;GOMIXGENTR101 (L);18/02/2020;6;2.067,58;0;610,862;0;Completo;COLETA DIÁRIA;
MILHAO;GOMIXGENTR101 (L);18/02/2020;7;2.083,04;0;624,939;0;Completo;COLETA DIÁRIA;
MILHAO;GOMIXGENTR101 (L);18/02/2020;8;2.063,57;0;620,238;0;Completo;COLETA DIÁRIA;
MILHAO;GOMIXGENTR101 (L);18/02/2020;9;2.216,09;0;662,773;0;Completo;COLETA DIÁRIA;
MILHAO;GOMIXGENTR101 (L);18/02/2020;10;2.286,16;0;665,743;0;Completo;COLETA DIÁRIA;
MILHAO;GOMIXGENTR101 (L);18/02/2020;11;2.308,43;0;643,693;0;Completo;COLETA DIÁRIA;
MILHAO;GOMIXGENTR101 (L);18/02/2020;12;2.263,35;0;633,871;0;Completo;COLETA DIÁRIA;
MILHAO;GOMIXGENTR101 (L);18/02/2020;13;2.215,86;0;648,047;0;Completo;COLETA DIÁRIA;
MILHAO;GOMIXGENTR101 (L);18/02/2020;14;2.184,86;0;649,823;0;Completo;COLETA DIÁRIA;
MILHAO;GOMIXGENTR101 (L);18/02/2020;15;2.286,70;0;690,794;0;Completo;COLETA DIÁRIA;
MILHAO;GOMIXGENTR101 (L);18/02/2020;16;2.219,59;0;664,476;0;Completo;COLETA DIÁRIA;
MILHAO;GOMIXGENTR101 (L);18/02/2020;17;2.298,52;0;682,315;0;Completo;COLETA DIÁRIA;
MILHAO;GOMIXGENTR101 (L);18/02/2020;18;1.930,25;0;577,183;2,397;Completo;COLETA DIÁRIA;
MILHAO;GOMIXGENTR101 (L);18/02/2020;19;144,839;0;40,453;17,02;Completo;COLETA DIÁRIA;
MILHAO;GOMIXGENTR101 (L);18/02/2020;20;167,503;0;55,901;0;Completo;COLETA DIÁRIA;
MILHAO;GOMIXGENTR101 (L);18/02/2020;21;181,856;0;71,553;0;Completo;COLETA DIÁRIA;
MILHAO;GOMIXGENTR101 (L);18/02/2020;22;1.549,89;0;464,494;0;Completo;COLETA DIÁRIA;
MILHAO;GOMIXGENTR101 (L);18/02/2020;23;1.986,78;0;592,458;0;Completo;COLETA DIÁRIA;
MILHAO;GOMIXGENTR101 (L);18/02/2020;24;1.903,73;0;558,813;0;Completo;COLETA DIÁRIA;
MILHAO;GOMIXGENTR101 (L);19/02/2020;1;2.000,15;0;605,646;0;Completo;COLETA DIÁRIA;
MILHAO;GOMIXGENTR101 (L);19/02/2020;2;2.104,32;0;642,308;0;Completo;COLETA DIÁRIA;
MILHAO;GOMIXGENTR101 (L);19/02/2020;3;2.090,59;0;637,493;0;Completo;COLETA DIÁRIA;
MILHAO;GOMIXGENTR101 (L);19/02/2020;4;2.086,72;0;638,063;0;Completo;COLETA DIÁRIA;
MILHAO;GOMIXGENTR101 (L);19/02/2020;5;2.133,68;0;650,001;0;Completo;COLETA DIÁRIA;
MILHAO;GOMIXGENTR101 (L);19/02/2020;6;2.111,24;0;631,489;0;Completo;COLETA DIÁRIA;
MILHAO;GOMIXGENTR101 (L);19/02/2020;7;2.131,96;0;637,11;0;Completo;COLETA DIÁRIA;
MILHAO;GOMIXGENTR101 (L);19/02/2020;8;2.170,84;0;647,337;0;Completo;COLETA DIÁRIA;
MILHAO;GOMIXGENTR101 (L);19/02/2020;9;2.119,56;0;648,446;0;Completo;COLETA DIÁRIA;
MILHAO;GOMIXGENTR101 (L);19/02/2020;10;2.210,94;0;640,92;0;Completo;COLETA DIÁRIA;
MILHAO;GOMIXGENTR101 (L);19/02/2020;11;2.320,20;0;653,351;0;Completo;COLETA DIÁRIA;
MILHAO;GOMIXGENTR101 (L);19/02/2020;12;1.210,88;0;262,931;2,832;Completo;COLETA DIÁRIA;
MILHAO;GOMIXGENTR101 (L);19/02/2020;13;730,703;0;181,222;0;Completo;COLETA DIÁRIA;
MILHAO;GOMIXGENTR101 (L);19/02/2020;14;956,736;0;247,343;0;Completo;COLETA DIÁRIA;
MILHAO;GOMIXGENTR101 (L);19/02/2020;15;1.887,24;0;531,592;0;Completo;COLETA DIÁRIA;
MILHAO;GOMIXGENTR101 (L);19/02/2020;16;2.018,01;0;594,689;0;Completo;COLETA DIÁRIA;
MILHAO;GOMIXGENTR101 (L);19/02/2020;17;2.196,95;0;616,47;0;Completo;COLETA DIÁRIA;
MILHAO;GOMIXGENTR101 (L);19/02/2020;18;1.866,00;0;576,391;0,279;Completo;COLETA DIÁRIA;
MILHAO;GOMIXGENTR101 (L);19/02/2020;19;151,267;0;45,228;17,134;Completo;COLETA DIÁRIA;
MILHAO;GOMIXGENTR101 (L);19/02/2020;20;153,99;0;42,587;0;Completo;COLETA DIÁRIA;
MILHAO;GOMIXGENTR101 (L);19/02/2020;21;153,931;0;55,827;0;Completo;COLETA DIÁRIA;
MILHAO;GOMIXGENTR101 (L);19/02/2020;22;1.444,49;0;483,744;0;Completo;COLETA DIÁRIA;
MILHAO;GOMIXGENTR101 (L);19/02/2020;23;2.027,26;0;588,466;0;Completo;COLETA DIÁRIA;
MILHAO;GOMIXGENTR101 (L);19/02/2020;24;2.070,44;0;617,277;0;Completo;COLETA DIÁRIA;
MILHAO;GOMIXGENTR101 (L);20/02/2020;1;2.100,15;0;622,937;0;Completo;COLETA DIÁRIA;
MILHAO;GOMIXGENTR101 (L);20/02/2020;2;2.101,69;0;626,047;0;Completo;COLETA DIÁRIA;
MILHAO;GOMIXGENTR101 (L);20/02/2020;3;2.105,97;0;628,258;0;Completo;COLETA DIÁRIA;
MILHAO;GOMIXGENTR101 (L);20/02/2020;4;2.136,84;0;648,365;0;Completo;COLETA DIÁRIA;
MILHAO;GOMIXGENTR101 (L);20/02/2020;5;1.958,44;0;614,719;0;Completo;COLETA DIÁRIA;
MILHAO;GOMIXGENTR101 (L);20/02/2020;6;1.834,10;0;559,142;0;Completo;COLETA DIÁRIA;
MILHAO;GOMIXGENTR101 (L);20/02/2020;7;1.811,13;0;570,264;0;Completo;COLETA DIÁRIA;
MILHAO;GOMIXGENTR101 (L);20/02/2020;8;1.890,55;0;593,501;0;Completo;COLETA DIÁRIA;
MILHAO;GOMIXGENTR101 (L);20/02/2020;9;1.951,58;0;613,009;0;Completo;COLETA DIÁRIA;
MILHAO;GOMIXGENTR101 (L);20/02/2020;10;2.013,98;0;623,444;0;Completo;COLETA DIÁRIA;
MILHAO;GOMIXGENTR101 (L);20/02/2020;11;1.902,03;0;577,804;0;Completo;COLETA DIÁRIA;
MILHAO;GOMIXGENTR101 (L);20/02/2020;12;1.898,43;0;569,361;0;Completo;COLETA DIÁRIA;
MILHAO;GOMIXGENTR101 (L);20/02/2020;13;1.886,24;0;574,601;0;Completo;COLETA DIÁRIA;
MILHAO;GOMIXGENTR101 (L);20/02/2020;14;1.915,00;0;583,09;0;Completo;COLETA DIÁRIA;
MILHAO;GOMIXGENTR101 (L);20/02/2020;15;1.991,14;0;610,703;0;Completo;COLETA DIÁRIA;
MILHAO;GOMIXGENTR101 (L);20/02/2020;16;2.037,42;0;642,556;0;Completo;COLETA DIÁRIA;
MILHAO;GOMIXGENTR101 (L);20/02/2020;17;1.965,78;0;595,059;0;Completo;COLETA DIÁRIA;
MILHAO;GOMIXGENTR101 (L);20/02/2020;18;1.834,89;0;566,413;0;Completo;COLETA DIÁRIA;
MILHAO;GOMIXGENTR101 (L);20/02/2020;19;165,658;0;35,044;19,215;Completo;COLETA DIÁRIA;
MILHAO;GOMIXGENTR101 (L);20/02/2020;20;178,46;0;42,178;0;Completo;COLETA DIÁRIA;
MILHAO;GOMIXGENTR101 (L);20/02/2020;21;160,967;0;44,826;0;Completo;COLETA DIÁRIA;
MILHAO;GOMIXGENTR101 (L);20/02/2020;22;1.560,59;0;506,743;0;Completo;COLETA DIÁRIA;
MILHAO;GOMIXGENTR101 (L);20/02/2020;23;2.077,45;0;616,924;0;Completo;COLETA DIÁRIA;
MILHAO;GOMIXGENTR101 (L);20/02/2020;24;2.098,71;0;633,933;0;Completo;COLETA DIÁRIA;
MILHAO;GOMIXGENTR101 (L);21/02/2020;1;2.090,25;0;631,094;0;Completo;COLETA DIÁRIA;
MILHAO;GOMIXGENTR101 (L);21/02/2020;2;2.092,18;0;620,484;0;Completo;COLETA DIÁRIA;
MILHAO;GOMIXGENTR101 (L);21/02/2020;3;2.133,28;0;643,064;0;Completo;COLETA DIÁRIA;
MILHAO;GOMIXGENTR101 (L);21/02/2020;4;2.153,14;0;651,589;0;Completo;COLETA DIÁRIA;
MILHAO;GOMIXGENTR101 (L);21/02/2020;5;2.167,89;0;647,51;0;Completo;COLETA DIÁRIA;
MILHAO;GOMIXGENTR101 (L);21/02/2020;6;2.150,19;0;638,788;0;Completo;COLETA DIÁRIA;
MILHAO;GOMIXGENTR101 (L);21/02/2020;7;2.168,23;0;641,378;0;Completo;COLETA DIÁRIA;
MILHAO;GOMIXGENTR101 (L);21/02/2020;8;2.188,38;0;638,163;0;Completo;COLETA DIÁRIA;
MILHAO;GOMIXGENTR101 (L);21/02/2020;9;1.739,69;0;538,907;0;Completo;COLETA DIÁRIA;
MILHAO;GOMIXGENTR101 (L);21/02/2020;10;2.091,56;0;631,591;0;Completo;COLETA DIÁRIA;
MILHAO;GOMIXGENTR101 (L);21/02/2020;11;2.267,37;0;643,409;0;Completo;COLETA DIÁRIA;
MILHAO;GOMIXGENTR101 (L);21/02/2020;12;2.225,43;0;620,959;0;Completo;COLETA DIÁRIA;
MILHAO;GOMIXGENTR101 (L);21/02/2020;13;2.127,18;0;584,016;0;Completo;COLETA DIÁRIA;
MILHAO;GOMIXGENTR101 (L);21/02/2020;14;2.035,51;0;565,921;0;Completo;COLETA DIÁRIA;
MILHAO;GOMIXGENTR101 (L);21/02/2020;15;1.610,24;0;410,584;0;Completo;COLETA DIÁRIA;
MILHAO;GOMIXGENTR101 (L);21/02/2020;16;1.781,85;0;492,304;0;Completo;COLETA DIÁRIA;
MILHAO;GOMIXGENTR101 (L);21/02/2020;17;2.117,26;0;595,825;0;Completo;COLETA DIÁRIA;
MILHAO;GOMIXGENTR101 (L);21/02/2020;18;1.711,31;0;517,981;8,672;Completo;COLETA DIÁRIA;
MILHAO;GOMIXGENTR101 (L);21/02/2020;19;148,087;0;32,333;10,609;Completo;COLETA DIÁRIA;
MILHAO;GOMIXGENTR101 (L);21/02/2020;20;170,153;0;38,168;0;Completo;COLETA DIÁRIA;
MILHAO;GOMIXGENTR101 (L);21/02/2020;21;188,772;0;49,697;0;Completo;COLETA DIÁRIA;
MILHAO;GOMIXGENTR101 (L);21/02/2020;22;1.547,93;0;417,138;0;Completo;COLETA DIÁRIA;
MILHAO;GOMIXGENTR101 (L);21/02/2020;23;1.964,76;0;585,161;0;Completo;COLETA DIÁRIA;
MILHAO;GOMIXGENTR101 (L);21/02/2020;24;2.148,47;0;650,025;0;Completo;COLETA DIÁRIA;
MILHAO;GOMIXGENTR101 (L);22/02/2020;1;2.162,25;0;645,931;0;Completo;COLETA DIÁRIA;
MILHAO;GOMIXGENTR101 (L);22/02/2020;2;2.144,21;0;611,67;0;Completo;COLETA DIÁRIA;
MILHAO;GOMIXGENTR101 (L);22/02/2020;3;2.089,16;0;600,196;0;Completo;COLETA DIÁRIA;
MILHAO;GOMIXGENTR101 (L);22/02/2020;4;2.149,51;0;619,433;0;Completo;COLETA DIÁRIA;
MILHAO;GOMIXGENTR101 (L);22/02/2020;5;2.176,30;0;624,082;0;Completo;COLETA DIÁRIA;
MILHAO;GOMIXGENTR101 (L);22/02/2020;6;2.148,95;0;641,336;0;Completo;COLETA DIÁRIA;
MILHAO;GOMIXGENTR101 (L);22/02/2020;7;2.133,01;0;641,988;0;Completo;COLETA DIÁRIA;
MILHAO;GOMIXGENTR101 (L);22/02/2020;8;2.094,09;0;609,976;0;Completo;COLETA DIÁRIA;
MILHAO;GOMIXGENTR101 (L);22/02/2020;9;2.062,93;0;578,667;0;Completo;COLETA DIÁRIA;
MILHAO;GOMIXGENTR101 (L);22/02/2020;10;2.128,80;0;614,836;0;Completo;COLETA DIÁRIA;
MILHAO;GOMIXGENTR101 (L);22/02/2020;11;2.125,64;0;619,051;0;Completo;COLETA DIÁRIA;
MILHAO;GOMIXGENTR101 (L);22/02/2020;12;2.154,94;0;630,051;0;Completo;COLETA DIÁRIA;
MILHAO;GOMIXGENTR101 (L);22/02/2020;13;1.933,25;0;579,668;0;Completo;COLETA DIÁRIA;
MILHAO;GOMIXGENTR101 (L);22/02/2020;14;1.836,73;0;550,282;0;Completo;COLETA DIÁRIA;
MILHAO;GOMIXGENTR101 (L);22/02/2020;15;708,466;0;231,932;9,558;Completo;COLETA DIÁRIA;
MILHAO;GOMIXGENTR101 (L);22/02/2020;16;192,352;0;65,088;0;Completo;COLETA DIÁRIA;
MILHAO;GOMIXGENTR101 (L);22/02/2020;17;186,786;0;70,135;0;Completo;COLETA DIÁRIA;
MILHAO;GOMIXGENTR101 (L);22/02/2020;18;181,329;0;63,57;0;Completo;COLETA DIÁRIA;
MILHAO;GOMIXGENTR101 (L);22/02/2020;19;165,871;0;45,491;0;Completo;COLETA DIÁRIA;
MILHAO;GOMIXGENTR101 (L);22/02/2020;20;220,309;0;62,419;0;Completo;COLETA DIÁRIA;
MILHAO;GOMIXGENTR101 (L);22/02/2020;21;166,448;0;64,818;0;Completo;COLETA DIÁRIA;
MILHAO;GOMIXGENTR101 (L);22/02/2020;22;156,361;0;61,299;0;Completo;COLETA DIÁRIA;
MILHAO;GOMIXGENTR101 (L);22/02/2020;23;150,871;0;55,425;0;Completo;COLETA DIÁRIA;
MILHAO;GOMIXGENTR101 (L);22/02/2020;24;305,145;0;85,029;0;Completo;COLETA DIÁRIA;
MILHAO;GOMIXGENTR101 (L);23/02/2020;1;1.094,79;0;195,096;0;Completo;COLETA DIÁRIA;
MILHAO;GOMIXGENTR101 (L);23/02/2020;2;1.453,06;0;292,584;0;Completo;COLETA DIÁRIA;
MILHAO;GOMIXGENTR101 (L);23/02/2020;3;1.517,03;0;307,686;0;Completo;COLETA DIÁRIA;
MILHAO;GOMIXGENTR101 (L);23/02/2020;4;1.509,70;0;308,607;0;Completo;COLETA DIÁRIA;
MILHAO;GOMIXGENTR101 (L);23/02/2020;5;1.173,65;0;212,821;0;Completo;COLETA DIÁRIA;
MILHAO;GOMIXGENTR101 (L);23/02/2020;6;839,228;0;171,956;2,663;Completo;COLETA DIÁRIA;
MILHAO;GOMIXGENTR101 (L);23/02/2020;7;99,202;0;20,831;1,535;Completo;COLETA DIÁRIA;
MILHAO;GOMIXGENTR101 (L);23/02/2020;8;77,688;0;14,085;0;Completo;COLETA DIÁRIA;
MILHAO;GOMIXGENTR101 (L);23/02/2020;9;76,031;0;10,476;0;Completo;COLETA DIÁRIA;
MILHAO;GOMIXGENTR101 (L);23/02/2020;10;77,942;0;8,689;0;Completo;COLETA DIÁRIA;
MILHAO;GOMIXGENTR101 (L);23/02/2020;11;73,524;0;5,918;0;Completo;COLETA DIÁRIA;
MILHAO;GOMIXGENTR101 (L);23/02/2020;12;72,493;0;0,676;0,05;Completo;COLETA DIÁRIA;
MILHAO;GOMIXGENTR101 (L);23/02/2020;13;48,967;0;0,868;4,446;Completo;COLETA DIÁRIA;
MILHAO;GOMIXGENTR101 (L);23/02/2020;14;76,571;0;4,582;0,286;Completo;COLETA DIÁRIA;
MILHAO;GOMIXGENTR101 (L);23/02/2020;15;80,282;0;5,765;0;Completo;COLETA DIÁRIA;
MILHAO;GOMIXGENTR101 (L);23/02/2020;16;77,175;0;4,997;0,132;Completo;COLETA DIÁRIA;
MILHAO;GOMIXGENTR101 (L);23/02/2020;17;74,868;0;3,353;0;Completo;COLETA DIÁRIA;
MILHAO;GOMIXGENTR101 (L);23/02/2020;18;71,831;0;3,749;0;Completo;COLETA DIÁRIA;
MILHAO;GOMIXGENTR101 (L);23/02/2020;19;44,227;0;1,132;4,138;Completo;COLETA DIÁRIA;
MILHAO;GOMIXGENTR101 (L);23/02/2020;20;39,547;0;0,63;1,024;Completo;COLETA DIÁRIA;
MILHAO;GOMIXGENTR101 (L);23/02/2020;21;38,137;0;2,111;0,005;Completo;COLETA DIÁRIA;
MILHAO;GOMIXGENTR101 (L);23/02/2020;22;38,446;0;2,647;0,05;Completo;COLETA DIÁRIA;
MILHAO;GOMIXGENTR101 (L);23/02/2020;23;38,514;0;2,827;0,055;Completo;COLETA DIÁRIA;
MILHAO;GOMIXGENTR101 (L);23/02/2020;24;37,953;0;2,924;0,034;Completo;COLETA DIÁRIA;
MILHAO;GOMIXGENTR101 (L);24/02/2020;1;37,129;0;0,624;0,427;Completo;COLETA DIÁRIA;
MILHAO;GOMIXGENTR101 (L);24/02/2020;2;52,613;0;5,73;0,162;Completo;COLETA DIÁRIA;
MILHAO;GOMIXGENTR101 (L);24/02/2020;3;59,106;0;10,443;0;Completo;COLETA DIÁRIA;
MILHAO;GOMIXGENTR101 (L);24/02/2020;4;58,618;0;10,818;0;Completo;COLETA DIÁRIA;
MILHAO;GOMIXGENTR101 (L);24/02/2020;5;58,983;0;11,086;0;Completo;COLETA DIÁRIA;
MILHAO;GOMIXGENTR101 (L);24/02/2020;6;48,272;0;5,664;0,013;Completo;COLETA DIÁRIA;
MILHAO;GOMIXGENTR101 (L);24/02/2020;7;35,459;0;4,467;0,007;Completo;COLETA DIÁRIA;
MILHAO;GOMIXGENTR101 (L);24/02/2020;8;36,488;0;2,667;0,002;Completo;COLETA DIÁRIA;
MILHAO;GOMIXGENTR101 (L);24/02/2020;9;73,584;0;1,818;1,483;Completo;COLETA DIÁRIA;
MILHAO;GOMIXGENTR101 (L);24/02/2020;10;97,903;0;4,225;0;Completo;COLETA DIÁRIA;
MILHAO;GOMIXGENTR101 (L);24/02/2020;11;103,292;0;2,71;0;Completo;COLETA DIÁRIA;
MILHAO;GOMIXGENTR101 (L);24/02/2020;12;102,995;0;2,881;0;Completo;COLETA DIÁRIA;
MILHAO;GOMIXGENTR101 (L);24/02/2020;13;83,412;0;4,966;0;Completo;COLETA DIÁRIA;
MILHAO;GOMIXGENTR101 (L);24/02/2020;14;86,429;0;4,747;0;Completo;COLETA DIÁRIA;
MILHAO;GOMIXGENTR101 (L);24/02/2020;15;70,748;0;3,441;0,34;Completo;COLETA DIÁRIA;
MILHAO;GOMIXGENTR101 (L);24/02/2020;16;33,456;0;0;1,482;Completo;COLETA DIÁRIA;
MILHAO;GOMIXGENTR101 (L);24/02/2020;17;31,654;0;0,001;1,757;Completo;COLETA DIÁRIA;
MILHAO;GOMIXGENTR101 (L);24/02/2020;18;31,653;0;0,013;1,369;Completo;COLETA DIÁRIA;
MILHAO;GOMIXGENTR101 (L);24/02/2020;19;34,721;0;0,133;0,884;Completo;COLETA DIÁRIA;
MILHAO;GOMIXGENTR101 (L);24/02/2020;20;39,617;0;0;5,017;Completo;COLETA DIÁRIA;
MILHAO;GOMIXGENTR101 (L);24/02/2020;21;38,083;0;0;3,317;Completo;COLETA DIÁRIA;
MILHAO;GOMIXGENTR101 (L);24/02/2020;22;38,286;0;0;2,091;Completo;COLETA DIÁRIA;
MILHAO;GOMIXGENTR101 (L);24/02/2020;23;37,42;0;0,323;0,81;Completo;COLETA DIÁRIA;
MILHAO;GOMIXGENTR101 (L);24/02/2020;24;38,906;0;2,209;0;Completo;COLETA DIÁRIA;
MILHAO;GOMIXGENTR101 (L);25/02/2020;1;37,668;0;1,878;0;Completo;COLETA DIÁRIA;
MILHAO;GOMIXGENTR101 (L);25/02/2020;2;37,405;0;1,983;0;Completo;COLETA DIÁRIA;
MILHAO;GOMIXGENTR101 (L);25/02/2020;3;37,576;0;1,383;0;Completo;COLETA DIÁRIA;
MILHAO;GOMIXGENTR101 (L);25/02/2020;4;37,397;0;2,169;0;Completo;COLETA DIÁRIA;
MILHAO;GOMIXGENTR101 (L);25/02/2020;5;38,004;0;4,055;0;Completo;COLETA DIÁRIA;
MILHAO;GOMIXGENTR101 (L);25/02/2020;6;36,435;0;4,095;0;Completo;COLETA DIÁRIA;
MILHAO;GOMIXGENTR101 (L);25/02/2020;7;33,34;0;28,034;0;Completo;COLETA DIÁRIA;
MILHAO;GOMIXGENTR101 (L);25/02/2020;8;30,794;0;30,581;0;Completo;COLETA DIÁRIA;
MILHAO;GOMIXGENTR101 (L);25/02/2020;9;32,961;0;27,508;0;Completo;COLETA DIÁRIA;
MILHAO;GOMIXGENTR101 (L);25/02/2020;10;33,196;0;25,778;0;Completo;COLETA DIÁRIA;
MILHAO;GOMIXGENTR101 (L);25/02/2020;11;34,184;0;26,665;0;Completo;COLETA DIÁRIA;
MILHAO;GOMIXGENTR101 (L);25/02/2020;12;34,927;0;26,727;0;Completo;COLETA DIÁRIA;
MILHAO;GOMIXGENTR101 (L);25/02/2020;13;33,97;0;26,459;0;Completo;COLETA DIÁRIA;
MILHAO;GOMIXGENTR101 (L);25/02/2020;14;34,981;0;26,937;0;Completo;COLETA DIÁRIA;
MILHAO;GOMIXGENTR101 (L);25/02/2020;15;34,606;0;27,064;0;Completo;COLETA DIÁRIA;
MILHAO;GOMIXGENTR101 (L);25/02/2020;16;34,213;0;26,396;0;Completo;COLETA DIÁRIA;
MILHAO;GOMIXGENTR101 (L);25/02/2020;17;34,135;0;24,847;0;Completo;COLETA DIÁRIA;
MILHAO;GOMIXGENTR101 (L);25/02/2020;18;33,692;0;24,227;0;Completo;COLETA DIÁRIA;
MILHAO;GOMIXGENTR101 (L);25/02/2020;19;34,713;0;24,785;0;Completo;COLETA DIÁRIA;
MILHAO;GOMIXGENTR101 (L);25/02/2020;20;38,718;0;24,965;0;Completo;COLETA DIÁRIA;
MILHAO;GOMIXGENTR101 (L);25/02/2020;21;37,931;0;26,945;0;Completo;COLETA DIÁRIA;
MILHAO;GOMIXGENTR101 (L);25/02/2020;22;39,075;0;28,529;0;Completo;COLETA DIÁRIA;
MILHAO;GOMIXGENTR101 (L);25/02/2020;23;38,185;0;29,882;0;Completo;COLETA DIÁRIA;
MILHAO;GOMIXGENTR101 (L);25/02/2020;24;37,059;0;28,345;0;Completo;COLETA DIÁRIA;
MILHAO;GOMIXGENTR101 (L);26/02/2020;1;37,87;0;28,975;0;Completo;COLETA DIÁRIA;
MILHAO;GOMIXGENTR101 (L);26/02/2020;2;37,253;0;29,277;0;Completo;COLETA DIÁRIA;
MILHAO;GOMIXGENTR101 (L);26/02/2020;3;38,177;0;31,201;0;Completo;COLETA DIÁRIA;
MILHAO;GOMIXGENTR101 (L);26/02/2020;4;38,15;0;31,871;0;Completo;COLETA DIÁRIA;
MILHAO;GOMIXGENTR101 (L);26/02/2020;5;39,333;0;31,823;0;Completo;COLETA DIÁRIA;
MILHAO;GOMIXGENTR101 (L);26/02/2020;6;44,809;0;31,13;0;Completo;COLETA DIÁRIA;
MILHAO;GOMIXGENTR101 (L);26/02/2020;7;73,548;0;36,252;0;Completo;COLETA DIÁRIA;
MILHAO;GOMIXGENTR101 (L);26/02/2020;8;207,189;0;45,03;0,077;Completo;COLETA DIÁRIA;
MILHAO;GOMIXGENTR101 (L);26/02/2020;9;407,359;0;64,016;1,289;Completo;COLETA DIÁRIA;
MILHAO;GOMIXGENTR101 (L);26/02/2020;10;224,652;0;67,315;0;Completo;COLETA DIÁRIA;
MILHAO;GOMIXGENTR101 (L);26/02/2020;11;293,165;0;79,007;0;Completo;COLETA DIÁRIA;
MILHAO;GOMIXGENTR101 (L);26/02/2020;12;243,638;0;63,089;0;Completo;COLETA DIÁRIA;
MILHAO;GOMIXGENTR101 (L);26/02/2020;13;197,706;0;50,586;0;Completo;COLETA DIÁRIA;
MILHAO;GOMIXGENTR101 (L);26/02/2020;14;193,046;0;52,823;0;Completo;COLETA DIÁRIA;
MILHAO;GOMIXGENTR101 (L);26/02/2020;15;249,993;0;73,773;0;Completo;COLETA DIÁRIA;
MILHAO;GOMIXGENTR101 (L);26/02/2020;16;237,105;0;68,241;0;Completo;COLETA DIÁRIA;
MILHAO;GOMIXGENTR101 (L);26/02/2020;17;204,258;0;51,215;0;Completo;COLETA DIÁRIA;
MILHAO;GOMIXGENTR101 (L);26/02/2020;18;182,009;0;50,911;0,017;Completo;COLETA DIÁRIA;
MILHAO;GOMIXGENTR101 (L);26/02/2020;19;102,979;0;27,687;0;Completo;COLETA DIÁRIA;
MILHAO;GOMIXGENTR101 (L);26/02/2020;20;68,861;0;18,706;0;Completo;COLETA DIÁRIA;
MILHAO;GOMIXGENTR101 (L);26/02/2020;21;63,104;0;21,32;0;Completo;COLETA DIÁRIA;
MILHAO;GOMIXGENTR101 (L);26/02/2020;22;78,23;0;24,639;0;Completo;COLETA DIÁRIA;
MILHAO;GOMIXGENTR101 (L);26/02/2020;23;402,989;0;144,948;0;Completo;COLETA DIÁRIA;
MILHAO;GOMIXGENTR101 (L);26/02/2020;24;1.851,09;0;588,982;0;Completo;COLETA DIÁRIA;
MILHAO;GOMIXGENTR101 (L);27/02/2020;1;2.076,62;0;633,092;0;Completo;COLETA DIÁRIA;
MILHAO;GOMIXGENTR101 (L);27/02/2020;2;2.130,34;0;649,331;0;Completo;COLETA DIÁRIA;
MILHAO;GOMIXGENTR101 (L);27/02/2020;3;2.117,70;0;633,866;0;Completo;COLETA DIÁRIA;
MILHAO;GOMIXGENTR101 (L);27/02/2020;4;2.116,58;0;636,162;0;Completo;COLETA DIÁRIA;
MILHAO;GOMIXGENTR101 (L);27/02/2020;5;2.121,35;0;639,501;0;Completo;COLETA DIÁRIA;
MILHAO;GOMIXGENTR101 (L);27/02/2020;6;2.103,17;0;616,081;0;Completo;COLETA DIÁRIA;
MILHAO;GOMIXGENTR101 (L);27/02/2020;7;2.099,12;0;630,292;0;Completo;COLETA DIÁRIA;
MILHAO;GOMIXGENTR101 (L);27/02/2020;8;1.921,28;0;567,688;0;Completo;COLETA DIÁRIA;
MILHAO;GOMIXGENTR101 (L);27/02/2020;9;2.199,40;0;639,742;0;Completo;COLETA DIÁRIA;
MILHAO;GOMIXGENTR101 (L);27/02/2020;10;2.246,62;0;646,016;0;Completo;COLETA DIÁRIA;
MILHAO;GOMIXGENTR101 (L);27/02/2020;11;2.239,18;0;641,726;0;Completo;COLETA DIÁRIA;
MILHAO;GOMIXGENTR101 (L);27/02/2020;12;2.216,19;0;636,333;0;Completo;COLETA DIÁRIA;
MILHAO;GOMIXGENTR101 (L);27/02/2020;13;2.203,61;0;640,673;0;Completo;COLETA DIÁRIA;
MILHAO;GOMIXGENTR101 (L);27/02/2020;14;2.210,04;0;645,218;0;Completo;COLETA DIÁRIA;
MILHAO;GOMIXGENTR101 (L);27/02/2020;15;2.233,69;0;642,188;0;Completo;COLETA DIÁRIA;
MILHAO;GOMIXGENTR101 (L);27/02/2020;16;2.282,66;0;658,443;0;Completo;COLETA DIÁRIA;
MILHAO;GOMIXGENTR101 (L);27/02/2020;17;2.252,21;0;651,377;0;Completo;COLETA DIÁRIA;
MILHAO;GOMIXGENTR101 (L);27/02/2020;18;2.057,77;0;598,296;8,717;Completo;COLETA DIÁRIA;
MILHAO;GOMIXGENTR101 (L);27/02/2020;19;251,107;0;60,355;2,242;Completo;COLETA DIÁRIA;
MILHAO;GOMIXGENTR101 (L);27/02/2020;20;188,042;0;65,15;0;Completo;COLETA DIÁRIA;
MILHAO;GOMIXGENTR101 (L);27/02/2020;21;199,124;0;79,544;0;Completo;COLETA DIÁRIA;
MILHAO;GOMIXGENTR101 (L);27/02/2020;22;1.613,19;0;525,08;0;Completo;COLETA DIÁRIA;
MILHAO;GOMIXGENTR101 (L);27/02/2020;23;2.004,11;0;606,556;0;Completo;COLETA DIÁRIA;
MILHAO;GOMIXGENTR101 (L);27/02/2020;24;1.880,87;0;558,342;0;Completo;COLETA DIÁRIA;
MILHAO;GOMIXGENTR101 (L);28/02/2020;1;2.046,92;0;572,997;0;Completo;COLETA DIÁRIA;
MILHAO;GOMIXGENTR101 (L);28/02/2020;2;2.033,66;0;567,982;0;Completo;COLETA DIÁRIA;
MILHAO;GOMIXGENTR101 (L);28/02/2020;3;2.115,41;0;601,24;0;Completo;COLETA DIÁRIA;
MILHAO;GOMIXGENTR101 (L);28/02/2020;4;2.173,89;0;665,397;0;Completo;COLETA DIÁRIA;
MILHAO;GOMIXGENTR101 (L);28/02/2020;5;2.148,26;0;653,638;0;Completo;COLETA DIÁRIA;
MILHAO;GOMIXGENTR101 (L);28/02/2020;6;2.127,07;0;634,313;0;Completo;COLETA DIÁRIA;
MILHAO;GOMIXGENTR101 (L);28/02/2020;7;1.998,88;0;622,212;0;Completo;COLETA DIÁRIA;
MILHAO;GOMIXGENTR101 (L);28/02/2020;8;1.927,15;0;599,366;0;Completo;COLETA DIÁRIA;
MILHAO;GOMIXGENTR101 (L);28/02/2020;9;1.461,40;0;460,07;0;Completo;COLETA DIÁRIA;
MILHAO;GOMIXGENTR101 (L);28/02/2020;10;1.766,06;0;539,888;0;Completo;COLETA DIÁRIA;
MILHAO;GOMIXGENTR101 (L);28/02/2020;11;1.866,29;0;565,096;0;Completo;COLETA DIÁRIA;
MILHAO;GOMIXGENTR101 (L);28/02/2020;12;1.877,74;0;529,992;0;Completo;COLETA DIÁRIA;
MILHAO;GOMIXGENTR101 (L);28/02/2020;13;2.014,37;0;581,554;0;Completo;COLETA DIÁRIA;
MILHAO;GOMIXGENTR101 (L);28/02/2020;14;1.982,67;0;563,621;0;Completo;COLETA DIÁRIA;
MILHAO;GOMIXGENTR101 (L);28/02/2020;15;1.740,98;0;491,615;22,358;Completo;COLETA DIÁRIA;
MILHAO;GOMIXGENTR101 (L);28/02/2020;16;1.703,22;0;548,351;0;Completo;COLETA DIÁRIA;
MILHAO;GOMIXGENTR101 (L);28/02/2020;17;1.939,85;0;601,709;0;Completo;COLETA DIÁRIA;
MILHAO;GOMIXGENTR101 (L);28/02/2020;18;1.883,53;0;587,003;0;Completo;COLETA DIÁRIA;
MILHAO;GOMIXGENTR101 (L);28/02/2020;19;208,729;0;51,135;19,328;Completo;COLETA DIÁRIA;
MILHAO;GOMIXGENTR101 (L);28/02/2020;20;201,627;0;60,362;0;Completo;COLETA DIÁRIA;
MILHAO;GOMIXGENTR101 (L);28/02/2020;21;194,876;0;57,76;0,069;Completo;COLETA DIÁRIA;
MILHAO;GOMIXGENTR101 (L);28/02/2020;22;1.368,73;0;476,855;0;Completo;COLETA DIÁRIA;
MILHAO;GOMIXGENTR101 (L);28/02/2020;23;1.853,43;0;566,07;0;Completo;COLETA DIÁRIA;
MILHAO;GOMIXGENTR101 (L);28/02/2020;24;1.767,55;0;558,213;0;Completo;COLETA DIÁRIA;
MILHAO;GOMIXGENTR101 (L);29/02/2020;1;2.034,24;0;612,127;0;Completo;COLETA DIÁRIA;
MILHAO;GOMIXGENTR101 (L);29/02/2020;2;2.105,63;0;646,973;0;Completo;COLETA DIÁRIA;
MILHAO;GOMIXGENTR101 (L);29/02/2020;3;2.113,64;0;645,166;0;Completo;COLETA DIÁRIA;
MILHAO;GOMIXGENTR101 (L);29/02/2020;4;2.120,99;0;652,093;0;Completo;COLETA DIÁRIA;
MILHAO;GOMIXGENTR101 (L);29/02/2020;5;2.130,27;0;657,591;0;Completo;COLETA DIÁRIA;
MILHAO;GOMIXGENTR101 (L);29/02/2020;6;2.112,41;0;640,195;0;Completo;COLETA DIÁRIA;
MILHAO;GOMIXGENTR101 (L);29/02/2020;7;2.121,18;0;647,068;0;Completo;COLETA DIÁRIA;
MILHAO;GOMIXGENTR101 (L);29/02/2020;8;2.077,46;0;621,099;0;Completo;COLETA DIÁRIA;
MILHAO;GOMIXGENTR101 (L);29/02/2020;9;2.109,49;0;613,726;0;Completo;COLETA DIÁRIA;
MILHAO;GOMIXGENTR101 (L);29/02/2020;10;2.156,46;0;645,05;0;Completo;COLETA DIÁRIA;
MILHAO;GOMIXGENTR101 (L);29/02/2020;11;2.174,11;0;633,417;0;Completo;COLETA DIÁRIA;
MILHAO;GOMIXGENTR101 (L);29/02/2020;12;2.071,15;0;586,244;0;Completo;COLETA DIÁRIA;
MILHAO;GOMIXGENTR101 (L);29/02/2020;13;2.067,77;0;588,314;0;Completo;COLETA DIÁRIA;
MILHAO;GOMIXGENTR101 (L);29/02/2020;14;2.098,13;0;607,231;0;Completo;COLETA DIÁRIA;
MILHAO;GOMIXGENTR101 (L);29/02/2020;15;2.128,67;0;604,117;0;Completo;COLETA DIÁRIA;
MILHAO;GOMIXGENTR101 (L);29/02/2020;16;2.116,03;0;609,236;0;Completo;COLETA DIÁRIA;
MILHAO;GOMIXGENTR101 (L);29/02/2020;17;2.101,83;0;612,214;0;Completo;COLETA DIÁRIA;
MILHAO;GOMIXGENTR101 (L);29/02/2020;18;2.114,84;0;602,594;0;Completo;COLETA DIÁRIA;
MILHAO;GOMIXGENTR101 (L);29/02/2020;19;2.108,02;0;592,154;0;Completo;COLETA DIÁRIA;
MILHAO;GOMIXGENTR101 (L);29/02/2020;20;2.083,82;0;593,395;0;Completo;COLETA DIÁRIA;
MILHAO;GOMIXGENTR101 (L);29/02/2020;21;1.981,69;0;564,632;0;Completo;COLETA DIÁRIA;
MILHAO;GOMIXGENTR101 (L);29/02/2020;22;1.714,59;0;533,849;0,991;Completo;COLETA DIÁRIA;
MILHAO;GOMIXGENTR101 (L);29/02/2020;23;67,221;0;39,375;18,225;Completo;COLETA DIÁRIA;
MILHAO;GOMIXGENTR101 (L);29/02/2020;24;53,899;0;34,918;0;Completo;COLETA DIÁRIA;
