"Módulo de Análise: Origem de Dados da Coleta";
"Data de solicitação 06/01/2020";
"Período Solicitado de 01/12/2019 até 31/12/2019";
"Agente";"Ponto / Grupo";"Data";"Hora";"Ativa C (kWh)";"Ativa G (kWh)";"Reativa C (kVArh)";"Reativa G (kVArh)";"Qualidade";"Origem";
"PAJUÇARA";"ALPJCMENTR101 (L)";01/12/2019;1;229,236;0,000;155,652;0,000;"Completo";"COLETA DIÁRIA";
"PAJUÇARA";"ALPJCMENTR101 (L)";01/12/2019;2;262,584;0,000;173,964;0,000;"Completo";"COLETA DIÁRIA";
"PAJUÇARA";"ALPJCMENTR101 (L)";01/12/2019;3;232,512;0,000;145,740;0,000;"Completo";"COLETA DIÁRIA";
"PAJUÇARA";"ALPJCMENTR101 (L)";01/12/2019;4;230,412;0,000;143,892;0,000;"Completo";"COLETA DIÁRIA";
"PAJUÇARA";"ALPJCMENTR101 (L)";01/12/2019;5;214,872;0,000;137,928;0,000;"Completo";"COLETA DIÁRIA";
"PAJUÇARA";"ALPJCMENTR101 (L)";01/12/2019;6;200,340;0,000;127,344;0,000;"Completo";"COLETA DIÁRIA";
"PAJUÇARA";"ALPJCMENTR101 (L)";01/12/2019;7;164,136;0,000;107,520;0,000;"Completo";"COLETA DIÁRIA";
"PAJUÇARA";"ALPJCMENTR101 (L)";01/12/2019;8;158,928;0,000;103,656;0,000;"Completo";"COLETA DIÁRIA";
"PAJUÇARA";"ALPJCMENTR101 (L)";01/12/2019;9;127,512;0,000;89,292;0,000;"Completo";"COLETA DIÁRIA";
"PAJUÇARA";"ALPJCMENTR101 (L)";01/12/2019;10;91,560;0,000;62,244;0,000;"Completo";"COLETA DIÁRIA";
"PAJUÇARA";"ALPJCMENTR101 (L)";01/12/2019;11;94,248;0,000;62,244;0,000;"Completo";"COLETA DIÁRIA";
"PAJUÇARA";"ALPJCMENTR101 (L)";01/12/2019;12;124,908;0,000;82,488;0,000;"Completo";"COLETA DIÁRIA";
"PAJUÇARA";"ALPJCMENTR101 (L)";01/12/2019;13;146,916;0,000;98,952;0,000;"Completo";"COLETA DIÁRIA";
"PAJUÇARA";"ALPJCMENTR101 (L)";01/12/2019;14;147,840;0,000;100,128;0,000;"Completo";"COLETA DIÁRIA";
"PAJUÇARA";"ALPJCMENTR101 (L)";01/12/2019;15;137,760;0,000;94,080;0,000;"Completo";"COLETA DIÁRIA";
"PAJUÇARA";"ALPJCMENTR101 (L)";01/12/2019;16;145,656;0,000;100,380;0,000;"Completo";"COLETA DIÁRIA";
"PAJUÇARA";"ALPJCMENTR101 (L)";01/12/2019;17;142,464;0,000;100,128;0,000;"Completo";"COLETA DIÁRIA";
"PAJUÇARA";"ALPJCMENTR101 (L)";01/12/2019;18;124,824;0,000;89,964;0,000;"Completo";"COLETA DIÁRIA";
"PAJUÇARA";"ALPJCMENTR101 (L)";01/12/2019;19;122,976;0,000;86,100;0,000;"Completo";"COLETA DIÁRIA";
"PAJUÇARA";"ALPJCMENTR101 (L)";01/12/2019;20;136,332;0,000;93,744;0,000;"Completo";"COLETA DIÁRIA";
"PAJUÇARA";"ALPJCMENTR101 (L)";01/12/2019;21;130,956;0,000;96,768;0,000;"Completo";"COLETA DIÁRIA";
"PAJUÇARA";"ALPJCMENTR101 (L)";01/12/2019;22;134,736;0,000;101,052;0,000;"Completo";"COLETA DIÁRIA";
"PAJUÇARA";"ALPJCMENTR101 (L)";01/12/2019;23;125,580;0,000;96,096;0,000;"Completo";"COLETA DIÁRIA";
"PAJUÇARA";"ALPJCMENTR101 (L)";01/12/2019;24;134,652;0,000;103,656;0,000;"Completo";"COLETA DIÁRIA";
"PAJUÇARA";"ALPJCMENTR101 (L)";02/12/2019;1;118,608;0,000;92,820;0,000;"Completo";"COLETA DIÁRIA";
"PAJUÇARA";"ALPJCMENTR101 (L)";02/12/2019;2;134,400;0,000;105,000;0,000;"Completo";"COLETA DIÁRIA";
"PAJUÇARA";"ALPJCMENTR101 (L)";02/12/2019;3;134,904;0,000;108,528;0,000;"Completo";"COLETA DIÁRIA";
"PAJUÇARA";"ALPJCMENTR101 (L)";02/12/2019;4;125,496;0,000;92,652;0,000;"Completo";"COLETA DIÁRIA";
"PAJUÇARA";"ALPJCMENTR101 (L)";02/12/2019;5;121,128;0,000;90,972;0,000;"Completo";"COLETA DIÁRIA";
"PAJUÇARA";"ALPJCMENTR101 (L)";02/12/2019;6;130,620;0,000;99,876;0,000;"Completo";"COLETA DIÁRIA";
"PAJUÇARA";"ALPJCMENTR101 (L)";02/12/2019;7;162,372;0,000;114,408;0,000;"Completo";"COLETA DIÁRIA";
"PAJUÇARA";"ALPJCMENTR101 (L)";02/12/2019;8;169,092;0,000;113,148;0,000;"Completo";"COLETA DIÁRIA";
"PAJUÇARA";"ALPJCMENTR101 (L)";02/12/2019;9;189,588;0,000;113,316;0,000;"Completo";"COLETA DIÁRIA";
"PAJUÇARA";"ALPJCMENTR101 (L)";02/12/2019;10;200,760;0,000;134,316;0,000;"Completo";"COLETA DIÁRIA";
"PAJUÇARA";"ALPJCMENTR101 (L)";02/12/2019;11;234,948;0,000;151,620;0,000;"Completo";"COLETA DIÁRIA";
"PAJUÇARA";"ALPJCMENTR101 (L)";02/12/2019;12;232,092;0,000;142,044;0,000;"Completo";"COLETA DIÁRIA";
"PAJUÇARA";"ALPJCMENTR101 (L)";02/12/2019;13;230,412;0,000;140,280;0,000;"Completo";"COLETA DIÁRIA";
"PAJUÇARA";"ALPJCMENTR101 (L)";02/12/2019;14;240,072;0,000;148,932;0,000;"Completo";"COLETA DIÁRIA";
"PAJUÇARA";"ALPJCMENTR101 (L)";02/12/2019;15;232,008;0,000;143,640;0,000;"Completo";"COLETA DIÁRIA";
"PAJUÇARA";"ALPJCMENTR101 (L)";02/12/2019;16;213,276;0,000;129,276;0,000;"Completo";"COLETA DIÁRIA";
"PAJUÇARA";"ALPJCMENTR101 (L)";02/12/2019;17;207,900;0,000;117,348;0,000;"Completo";"COLETA DIÁRIA";
"PAJUÇARA";"ALPJCMENTR101 (L)";02/12/2019;18;209,244;0,000;120,792;0,000;"Completo";"COLETA DIÁRIA";
"PAJUÇARA";"ALPJCMENTR101 (L)";02/12/2019;19;222,180;0,000;122,808;0,000;"Completo";"COLETA DIÁRIA";
"PAJUÇARA";"ALPJCMENTR101 (L)";02/12/2019;20;240,072;0,000;134,064;0,000;"Completo";"COLETA DIÁRIA";
"PAJUÇARA";"ALPJCMENTR101 (L)";02/12/2019;21;230,076;0,000;125,244;0,000;"Completo";"COLETA DIÁRIA";
"PAJUÇARA";"ALPJCMENTR101 (L)";02/12/2019;22;201,264;0,000;112,392;0,000;"Completo";"COLETA DIÁRIA";
"PAJUÇARA";"ALPJCMENTR101 (L)";02/12/2019;23;211,008;0,000;121,632;0,000;"Completo";"COLETA DIÁRIA";
"PAJUÇARA";"ALPJCMENTR101 (L)";02/12/2019;24;221,088;0,000;135,996;0,000;"Completo";"COLETA DIÁRIA";
"PAJUÇARA";"ALPJCMENTR101 (L)";03/12/2019;1;212,352;0,000;131,628;0,000;"Completo";"COLETA DIÁRIA";
"PAJUÇARA";"ALPJCMENTR101 (L)";03/12/2019;2;222,852;0,000;140,028;0,000;"Completo";"COLETA DIÁRIA";
"PAJUÇARA";"ALPJCMENTR101 (L)";03/12/2019;3;214,704;0,000;141,036;0,000;"Completo";"COLETA DIÁRIA";
"PAJUÇARA";"ALPJCMENTR101 (L)";03/12/2019;4;151,956;0,000;106,092;0,000;"Completo";"COLETA DIÁRIA";
"PAJUÇARA";"ALPJCMENTR101 (L)";03/12/2019;5;190,596;0,000;113,316;0,000;"Completo";"COLETA DIÁRIA";
"PAJUÇARA";"ALPJCMENTR101 (L)";03/12/2019;6;210,420;0,000;123,732;0,000;"Completo";"COLETA DIÁRIA";
"PAJUÇARA";"ALPJCMENTR101 (L)";03/12/2019;7;203,868;0,000;115,836;0,000;"Completo";"COLETA DIÁRIA";
"PAJUÇARA";"ALPJCMENTR101 (L)";03/12/2019;8;16,128;0,000;11,592;0,000;"Completo";"COLETA DIÁRIA";
"PAJUÇARA";"ALPJCMENTR101 (L)";03/12/2019;9;179,424;0,000;77,952;0,000;"Completo";"COLETA DIÁRIA";
"PAJUÇARA";"ALPJCMENTR101 (L)";03/12/2019;10;196,476;0,000;91,056;0,000;"Completo";"COLETA DIÁRIA";
"PAJUÇARA";"ALPJCMENTR101 (L)";03/12/2019;11;112,224;0,000;54,936;0,000;"Completo";"COLETA DIÁRIA";
"PAJUÇARA";"ALPJCMENTR101 (L)";03/12/2019;12;260,400;0,000;143,136;0,000;"Completo";"COLETA DIÁRIA";
"PAJUÇARA";"ALPJCMENTR101 (L)";03/12/2019;13;295,428;0,000;165,144;0,000;"Completo";"COLETA DIÁRIA";
"PAJUÇARA";"ALPJCMENTR101 (L)";03/12/2019;14;283,836;0,000;155,652;0,000;"Completo";"COLETA DIÁRIA";
"PAJUÇARA";"ALPJCMENTR101 (L)";03/12/2019;15;311,472;0,000;178,836;0,000;"Completo";"COLETA DIÁRIA";
"PAJUÇARA";"ALPJCMENTR101 (L)";03/12/2019;16;334,152;0,000;198,240;0,000;"Completo";"COLETA DIÁRIA";
"PAJUÇARA";"ALPJCMENTR101 (L)";03/12/2019;17;289,044;0,000;164,220;0,000;"Completo";"COLETA DIÁRIA";
"PAJUÇARA";"ALPJCMENTR101 (L)";03/12/2019;18;282,828;0,000;149,688;0,000;"Completo";"COLETA DIÁRIA";
"PAJUÇARA";"ALPJCMENTR101 (L)";03/12/2019;19;274,680;0,000;145,992;0,000;"Completo";"COLETA DIÁRIA";
"PAJUÇARA";"ALPJCMENTR101 (L)";03/12/2019;20;281,904;0,000;150,360;0,000;"Completo";"COLETA DIÁRIA";
"PAJUÇARA";"ALPJCMENTR101 (L)";03/12/2019;21;244,020;0,000;128,856;0,000;"Completo";"COLETA DIÁRIA";
"PAJUÇARA";"ALPJCMENTR101 (L)";03/12/2019;22;239,736;0,000;133,056;0,000;"Completo";"COLETA DIÁRIA";
"PAJUÇARA";"ALPJCMENTR101 (L)";03/12/2019;23;248,136;0,000;145,320;0,000;"Completo";"COLETA DIÁRIA";
"PAJUÇARA";"ALPJCMENTR101 (L)";03/12/2019;24;234,444;0,000;138,516;0,000;"Completo";"COLETA DIÁRIA";
"PAJUÇARA";"ALPJCMENTR101 (L)";04/12/2019;1;220,836;0,000;139,440;0,000;"Completo";"COLETA DIÁRIA";
"PAJUÇARA";"ALPJCMENTR101 (L)";04/12/2019;2;177,324;0,000;121,968;0,000;"Completo";"COLETA DIÁRIA";
"PAJUÇARA";"ALPJCMENTR101 (L)";04/12/2019;3;237,552;0,000;146,580;0,000;"Completo";"COLETA DIÁRIA";
"PAJUÇARA";"ALPJCMENTR101 (L)";04/12/2019;4;236,628;0,000;144,816;0,000;"Completo";"COLETA DIÁRIA";
"PAJUÇARA";"ALPJCMENTR101 (L)";04/12/2019;5;218,064;0,000;136,752;0,000;"Completo";"COLETA DIÁRIA";
"PAJUÇARA";"ALPJCMENTR101 (L)";04/12/2019;6;232,092;0,000;141,372;0,000;"Completo";"COLETA DIÁRIA";
"PAJUÇARA";"ALPJCMENTR101 (L)";04/12/2019;7;284,088;0,000;166,320;0,000;"Completo";"COLETA DIÁRIA";
"PAJUÇARA";"ALPJCMENTR101 (L)";04/12/2019;8;301,896;0,000;168,168;0,000;"Completo";"COLETA DIÁRIA";
"PAJUÇARA";"ALPJCMENTR101 (L)";04/12/2019;9;317,772;0,000;171,444;0,000;"Completo";"COLETA DIÁRIA";
"PAJUÇARA";"ALPJCMENTR101 (L)";04/12/2019;10;340,704;0,000;188,328;0,000;"Completo";"COLETA DIÁRIA";
"PAJUÇARA";"ALPJCMENTR101 (L)";04/12/2019;11;348,852;0,000;197,904;0,000;"Completo";"COLETA DIÁRIA";
"PAJUÇARA";"ALPJCMENTR101 (L)";04/12/2019;12;332,640;0,000;186,480;0,000;"Completo";"COLETA DIÁRIA";
"PAJUÇARA";"ALPJCMENTR101 (L)";04/12/2019;13;295,260;0,000;170,352;0,000;"Completo";"COLETA DIÁRIA";
"PAJUÇARA";"ALPJCMENTR101 (L)";04/12/2019;14;317,856;0,000;173,712;0,000;"Completo";"COLETA DIÁRIA";
"PAJUÇARA";"ALPJCMENTR101 (L)";04/12/2019;15;235,452;0,000;141,120;0,000;"Completo";"COLETA DIÁRIA";
"PAJUÇARA";"ALPJCMENTR101 (L)";04/12/2019;16;267,792;0,000;153,636;0,000;"Completo";"COLETA DIÁRIA";
"PAJUÇARA";"ALPJCMENTR101 (L)";04/12/2019;17;330,456;0,000;205,632;0,000;"Completo";"COLETA DIÁRIA";
"PAJUÇARA";"ALPJCMENTR101 (L)";04/12/2019;18;291,816;0,000;166,236;0,000;"Completo";"COLETA DIÁRIA";
"PAJUÇARA";"ALPJCMENTR101 (L)";04/12/2019;19;290,892;0,000;165,564;0,000;"Completo";"COLETA DIÁRIA";
"PAJUÇARA";"ALPJCMENTR101 (L)";04/12/2019;20;206,556;0,000;129,360;0,000;"Completo";"COLETA DIÁRIA";
"PAJUÇARA";"ALPJCMENTR101 (L)";04/12/2019;21;239,232;0,000;147,504;0,000;"Completo";"COLETA DIÁRIA";
"PAJUÇARA";"ALPJCMENTR101 (L)";04/12/2019;22;262,668;0,000;158,508;0,000;"Completo";"COLETA DIÁRIA";
"PAJUÇARA";"ALPJCMENTR101 (L)";04/12/2019;23;269,556;0,000;160,104;0,000;"Completo";"COLETA DIÁRIA";
"PAJUÇARA";"ALPJCMENTR101 (L)";04/12/2019;24;264,852;0,000;163,800;0,000;"Completo";"COLETA DIÁRIA";
"PAJUÇARA";"ALPJCMENTR101 (L)";05/12/2019;1;260,568;0,000;160,692;0,000;"Completo";"INSPEÇÃO LÓGICA";
"PAJUÇARA";"ALPJCMENTR101 (L)";05/12/2019;2;197,400;0,000;130,284;0,000;"Completo";"INSPEÇÃO LÓGICA";
"PAJUÇARA";"ALPJCMENTR101 (L)";05/12/2019;3;240,408;0,000;144,648;0,000;"Completo";"INSPEÇÃO LÓGICA";
"PAJUÇARA";"ALPJCMENTR101 (L)";05/12/2019;4;258,468;0,000;159,348;0,000;"Completo";"INSPEÇÃO LÓGICA";
"PAJUÇARA";"ALPJCMENTR101 (L)";05/12/2019;5;270,900;0,000;163,968;0,000;"Completo";"INSPEÇÃO LÓGICA";
"PAJUÇARA";"ALPJCMENTR101 (L)";05/12/2019;6;258,720;0,000;144,060;0,000;"Completo";"INSPEÇÃO LÓGICA";
"PAJUÇARA";"ALPJCMENTR101 (L)";05/12/2019;7;266,952;0,000;158,760;0,000;"Completo";"INSPEÇÃO LÓGICA";
"PAJUÇARA";"ALPJCMENTR101 (L)";05/12/2019;8;295,764;0,000;175,728;0,000;"Completo";"INSPEÇÃO LÓGICA";
"PAJUÇARA";"ALPJCMENTR101 (L)";05/12/2019;9;308,868;0,000;174,132;0,000;"Completo";"INSPEÇÃO LÓGICA";
"PAJUÇARA";"ALPJCMENTR101 (L)";05/12/2019;10;292,992;0,000;169,596;0,000;"Completo";"INSPEÇÃO LÓGICA";
"PAJUÇARA";"ALPJCMENTR101 (L)";05/12/2019;11;298,620;0,000;162,456;0,000;"Completo";"INSPEÇÃO LÓGICA";
"PAJUÇARA";"ALPJCMENTR101 (L)";05/12/2019;12;300,636;0,000;164,052;0,000;"Completo";"INSPEÇÃO LÓGICA";
"PAJUÇARA";"ALPJCMENTR101 (L)";05/12/2019;13;295,176;0,000;165,732;0,000;"Completo";"INSPEÇÃO LÓGICA";
"PAJUÇARA";"ALPJCMENTR101 (L)";05/12/2019;14;297,948;0,000;161,868;0,000;"Completo";"INSPEÇÃO LÓGICA";
"PAJUÇARA";"ALPJCMENTR101 (L)";05/12/2019;15;312,900;0,000;172,116;0,000;"Completo";"INSPEÇÃO LÓGICA";
"PAJUÇARA";"ALPJCMENTR101 (L)";05/12/2019;16;283,584;0,000;160,860;0,000;"Completo";"INSPEÇÃO LÓGICA";
"PAJUÇARA";"ALPJCMENTR101 (L)";05/12/2019;17;293,916;0,000;163,380;0,000;"Completo";"INSPEÇÃO LÓGICA";
"PAJUÇARA";"ALPJCMENTR101 (L)";05/12/2019;18;282,072;0,000;157,920;0,000;"Completo";"INSPEÇÃO LÓGICA";
"PAJUÇARA";"ALPJCMENTR101 (L)";05/12/2019;19;284,592;0,000;157,164;0,000;"Completo";"INSPEÇÃO LÓGICA";
"PAJUÇARA";"ALPJCMENTR101 (L)";05/12/2019;20;295,176;0,000;164,808;0,000;"Completo";"INSPEÇÃO LÓGICA";
"PAJUÇARA";"ALPJCMENTR101 (L)";05/12/2019;21;270,060;0,000;148,092;0,000;"Completo";"INSPEÇÃO LÓGICA";
"PAJUÇARA";"ALPJCMENTR101 (L)";05/12/2019;22;276,780;0,000;149,016;0,000;"Completo";"INSPEÇÃO LÓGICA";
"PAJUÇARA";"ALPJCMENTR101 (L)";05/12/2019;23;270,648;0,000;154,980;0,000;"Completo";"INSPEÇÃO LÓGICA";
"PAJUÇARA";"ALPJCMENTR101 (L)";05/12/2019;24;250,656;0,000;147,168;0,000;"Completo";"INSPEÇÃO LÓGICA";
"PAJUÇARA";"ALPJCMENTR101 (L)";06/12/2019;1;252,168;0,000;154,980;0,000;"Completo";"COLETA DIÁRIA";
"PAJUÇARA";"ALPJCMENTR101 (L)";06/12/2019;2;243,012;0,000;148,932;0,000;"Completo";"COLETA DIÁRIA";
"PAJUÇARA";"ALPJCMENTR101 (L)";06/12/2019;3;273,252;0,000;161,196;0,000;"Completo";"COLETA DIÁRIA";
"PAJUÇARA";"ALPJCMENTR101 (L)";06/12/2019;4;281,988;0,000;167,832;0,000;"Completo";"COLETA DIÁRIA";
"PAJUÇARA";"ALPJCMENTR101 (L)";06/12/2019;5;245,112;0,000;148,344;0,000;"Completo";"COLETA DIÁRIA";
"PAJUÇARA";"ALPJCMENTR101 (L)";06/12/2019;6;237,720;0,000;136,668;0,000;"Completo";"COLETA DIÁRIA";
"PAJUÇARA";"ALPJCMENTR101 (L)";06/12/2019;7;300,972;0,000;167,244;0,000;"Completo";"COLETA DIÁRIA";
"PAJUÇARA";"ALPJCMENTR101 (L)";06/12/2019;8;329,784;0,000;178,668;0,000;"Completo";"COLETA DIÁRIA";
"PAJUÇARA";"ALPJCMENTR101 (L)";06/12/2019;9;315,168;0,000;169,176;0,000;"Completo";"COLETA DIÁRIA";
"PAJUÇARA";"ALPJCMENTR101 (L)";06/12/2019;10;320,208;0,000;165,984;0,000;"Completo";"COLETA DIÁRIA";
"PAJUÇARA";"ALPJCMENTR101 (L)";06/12/2019;11;315,924;0,000;169,764;0,000;"Completo";"COLETA DIÁRIA";
"PAJUÇARA";"ALPJCMENTR101 (L)";06/12/2019;12;309,624;0,000;164,892;0,000;"Completo";"COLETA DIÁRIA";
"PAJUÇARA";"ALPJCMENTR101 (L)";06/12/2019;13;282,072;0,000;157,668;0,000;"Completo";"COLETA DIÁRIA";
"PAJUÇARA";"ALPJCMENTR101 (L)";06/12/2019;14;292,740;0,000;174,384;0,000;"Completo";"COLETA DIÁRIA";
"PAJUÇARA";"ALPJCMENTR101 (L)";06/12/2019;15;305,928;0,000;183,540;0,000;"Completo";"COLETA DIÁRIA";
"PAJUÇARA";"ALPJCMENTR101 (L)";06/12/2019;16;283,164;0,000;174,048;0,000;"Completo";"COLETA DIÁRIA";
"PAJUÇARA";"ALPJCMENTR101 (L)";06/12/2019;17;287,112;0,000;179,844;0,000;"Completo";"COLETA DIÁRIA";
"PAJUÇARA";"ALPJCMENTR101 (L)";06/12/2019;18;272,580;0,000;159,180;0,000;"Completo";"COLETA DIÁRIA";
"PAJUÇARA";"ALPJCMENTR101 (L)";06/12/2019;19;237,888;0,000;141,120;0,000;"Completo";"COLETA DIÁRIA";
"PAJUÇARA";"ALPJCMENTR101 (L)";06/12/2019;20;227,304;0,000;138,768;0,000;"Completo";"COLETA DIÁRIA";
"PAJUÇARA";"ALPJCMENTR101 (L)";06/12/2019;21;221,424;0,000;134,988;0,000;"Completo";"COLETA DIÁRIA";
"PAJUÇARA";"ALPJCMENTR101 (L)";06/12/2019;22;214,452;0,000;136,416;0,000;"Completo";"COLETA DIÁRIA";
"PAJUÇARA";"ALPJCMENTR101 (L)";06/12/2019;23;227,136;0,000;154,140;0,000;"Completo";"COLETA DIÁRIA";
"PAJUÇARA";"ALPJCMENTR101 (L)";06/12/2019;24;225,036;0,000;153,972;0,000;"Completo";"COLETA DIÁRIA";
"PAJUÇARA";"ALPJCMENTR101 (L)";07/12/2019;1;228,312;0,000;159,768;0,000;"Completo";"COLETA DIÁRIA";
"PAJUÇARA";"ALPJCMENTR101 (L)";07/12/2019;2;201,264;0,000;143,724;0,000;"Completo";"COLETA DIÁRIA";
"PAJUÇARA";"ALPJCMENTR101 (L)";07/12/2019;3;117,852;0,000;86,100;0,000;"Completo";"COLETA DIÁRIA";
"PAJUÇARA";"ALPJCMENTR101 (L)";07/12/2019;4;80,724;0,000;57,624;0,000;"Completo";"COLETA DIÁRIA";
"PAJUÇARA";"ALPJCMENTR101 (L)";07/12/2019;5;82,572;0,000;54,348;0,000;"Completo";"COLETA DIÁRIA";
"PAJUÇARA";"ALPJCMENTR101 (L)";07/12/2019;6;128,772;0,000;91,644;0,000;"Completo";"COLETA DIÁRIA";
"PAJUÇARA";"ALPJCMENTR101 (L)";07/12/2019;7;197,316;0,000;129,528;0,000;"Completo";"COLETA DIÁRIA";
"PAJUÇARA";"ALPJCMENTR101 (L)";07/12/2019;8;182,196;0,000;117,852;0,000;"Completo";"COLETA DIÁRIA";
"PAJUÇARA";"ALPJCMENTR101 (L)";07/12/2019;9;183,204;0,000;111,300;0,000;"Completo";"COLETA DIÁRIA";
"PAJUÇARA";"ALPJCMENTR101 (L)";07/12/2019;10;202,188;0,000;122,304;0,000;"Completo";"COLETA DIÁRIA";
"PAJUÇARA";"ALPJCMENTR101 (L)";07/12/2019;11;130,032;0,000;76,692;0,000;"Completo";"COLETA DIÁRIA";
"PAJUÇARA";"ALPJCMENTR101 (L)";07/12/2019;12;166,236;0,000;100,380;0,000;"Completo";"COLETA DIÁRIA";
"PAJUÇARA";"ALPJCMENTR101 (L)";07/12/2019;13;229,404;0,000;137,928;0,000;"Completo";"COLETA DIÁRIA";
"PAJUÇARA";"ALPJCMENTR101 (L)";07/12/2019;14;239,148;0,000;151,116;0,000;"Completo";"COLETA DIÁRIA";
"PAJUÇARA";"ALPJCMENTR101 (L)";07/12/2019;15;238,812;0,000;153,972;0,000;"Completo";"COLETA DIÁRIA";
"PAJUÇARA";"ALPJCMENTR101 (L)";07/12/2019;16;164,640;0,000;104,832;0,000;"Completo";"COLETA DIÁRIA";
"PAJUÇARA";"ALPJCMENTR101 (L)";07/12/2019;17;164,556;0,000;101,640;0,000;"Completo";"COLETA DIÁRIA";
"PAJUÇARA";"ALPJCMENTR101 (L)";07/12/2019;18;138,936;0,000;88,788;0,000;"Completo";"COLETA DIÁRIA";
"PAJUÇARA";"ALPJCMENTR101 (L)";07/12/2019;19;218,400;0,000;140,700;0,000;"Completo";"COLETA DIÁRIA";
"PAJUÇARA";"ALPJCMENTR101 (L)";07/12/2019;20;242,088;0,000;165,396;0,000;"Completo";"COLETA DIÁRIA";
"PAJUÇARA";"ALPJCMENTR101 (L)";07/12/2019;21;231,336;0,000;148,176;0,000;"Completo";"COLETA DIÁRIA";
"PAJUÇARA";"ALPJCMENTR101 (L)";07/12/2019;22;227,724;0,000;141,540;0,000;"Completo";"COLETA DIÁRIA";
"PAJUÇARA";"ALPJCMENTR101 (L)";07/12/2019;23;230,580;0,000;148,092;0,000;"Completo";"COLETA DIÁRIA";
"PAJUÇARA";"ALPJCMENTR101 (L)";07/12/2019;24;215,208;0,000;137,760;0,000;"Completo";"COLETA DIÁRIA";
"PAJUÇARA";"ALPJCMENTR101 (L)";08/12/2019;1;210,504;0,000;135,492;0,000;"Completo";"COLETA DIÁRIA";
"PAJUÇARA";"ALPJCMENTR101 (L)";08/12/2019;2;228,144;0,000;149,100;0,000;"Completo";"COLETA DIÁRIA";
"PAJUÇARA";"ALPJCMENTR101 (L)";08/12/2019;3;214,788;0,000;139,608;0,000;"Completo";"COLETA DIÁRIA";
"PAJUÇARA";"ALPJCMENTR101 (L)";08/12/2019;4;237,720;0,000;156,492;0,000;"Completo";"COLETA DIÁRIA";
"PAJUÇARA";"ALPJCMENTR101 (L)";08/12/2019;5;238,980;0,000;160,776;0,000;"Completo";"COLETA DIÁRIA";
"PAJUÇARA";"ALPJCMENTR101 (L)";08/12/2019;6;213,780;0,000;146,076;0,000;"Completo";"COLETA DIÁRIA";
"PAJUÇARA";"ALPJCMENTR101 (L)";08/12/2019;7;212,856;0,000;142,044;0,000;"Completo";"COLETA DIÁRIA";
"PAJUÇARA";"ALPJCMENTR101 (L)";08/12/2019;8;173,880;0,000;117,684;0,000;"Completo";"COLETA DIÁRIA";
"PAJUÇARA";"ALPJCMENTR101 (L)";08/12/2019;9;182,448;0,000;114,408;0,000;"Completo";"COLETA DIÁRIA";
"PAJUÇARA";"ALPJCMENTR101 (L)";08/12/2019;10;168,252;0,000;105,084;0,000;"Completo";"COLETA DIÁRIA";
"PAJUÇARA";"ALPJCMENTR101 (L)";08/12/2019;11;179,928;0,000;112,392;0,000;"Completo";"COLETA DIÁRIA";
"PAJUÇARA";"ALPJCMENTR101 (L)";08/12/2019;12;195,132;0,000;125,664;0,000;"Completo";"COLETA DIÁRIA";
"PAJUÇARA";"ALPJCMENTR101 (L)";08/12/2019;13;179,088;0,000;120,960;0,000;"Completo";"COLETA DIÁRIA";
"PAJUÇARA";"ALPJCMENTR101 (L)";08/12/2019;14;184,884;0,000;118,776;0,000;"Completo";"COLETA DIÁRIA";
"PAJUÇARA";"ALPJCMENTR101 (L)";08/12/2019;15;183,288;0,000;119,532;0,000;"Completo";"COLETA DIÁRIA";
"PAJUÇARA";"ALPJCMENTR101 (L)";08/12/2019;16;60,396;0,000;43,008;0,000;"Completo";"COLETA DIÁRIA";
"PAJUÇARA";"ALPJCMENTR101 (L)";08/12/2019;17;171,612;0,000;112,224;0,000;"Completo";"COLETA DIÁRIA";
"PAJUÇARA";"ALPJCMENTR101 (L)";08/12/2019;18;173,544;0,000;115,080;0,000;"Completo";"COLETA DIÁRIA";
"PAJUÇARA";"ALPJCMENTR101 (L)";08/12/2019;19;183,876;0,000;124,488;0,000;"Completo";"COLETA DIÁRIA";
"PAJUÇARA";"ALPJCMENTR101 (L)";08/12/2019;20;192,528;0,000;126,924;0,000;"Completo";"COLETA DIÁRIA";
"PAJUÇARA";"ALPJCMENTR101 (L)";08/12/2019;21;178,248;0,000;116,172;0,000;"Completo";"COLETA DIÁRIA";
"PAJUÇARA";"ALPJCMENTR101 (L)";08/12/2019;22;160,608;0,000;107,184;0,000;"Completo";"COLETA DIÁRIA";
"PAJUÇARA";"ALPJCMENTR101 (L)";08/12/2019;23;163,968;0,000;111,216;0,000;"Completo";"COLETA DIÁRIA";
"PAJUÇARA";"ALPJCMENTR101 (L)";08/12/2019;24;179,004;0,000;116,004;0,000;"Completo";"COLETA DIÁRIA";
"PAJUÇARA";"ALPJCMENTR101 (L)";09/12/2019;1;166,236;0,000;112,980;0,000;"Completo";"COLETA DIÁRIA";
"PAJUÇARA";"ALPJCMENTR101 (L)";09/12/2019;2;149,856;0,000;110,124;0,000;"Completo";"COLETA DIÁRIA";
"PAJUÇARA";"ALPJCMENTR101 (L)";09/12/2019;3;123,396;0,000;94,164;0,000;"Completo";"COLETA DIÁRIA";
"PAJUÇARA";"ALPJCMENTR101 (L)";09/12/2019;4;146,664;0,000;110,040;0,000;"Completo";"COLETA DIÁRIA";
"PAJUÇARA";"ALPJCMENTR101 (L)";09/12/2019;5;145,404;0,000;108,612;0,000;"Completo";"COLETA DIÁRIA";
"PAJUÇARA";"ALPJCMENTR101 (L)";09/12/2019;6;148,428;0,000;108,444;0,000;"Completo";"COLETA DIÁRIA";
"PAJUÇARA";"ALPJCMENTR101 (L)";09/12/2019;7;184,464;0,000;123,228;0,000;"Completo";"COLETA DIÁRIA";
"PAJUÇARA";"ALPJCMENTR101 (L)";09/12/2019;8;215,964;0,000;137,256;0,000;"Completo";"COLETA DIÁRIA";
"PAJUÇARA";"ALPJCMENTR101 (L)";09/12/2019;9;232,932;0,000;142,716;0,000;"Completo";"COLETA DIÁRIA";
"PAJUÇARA";"ALPJCMENTR101 (L)";09/12/2019;10;240,072;0,000;143,052;0,000;"Completo";"COLETA DIÁRIA";
"PAJUÇARA";"ALPJCMENTR101 (L)";09/12/2019;11;258,048;0,000;148,428;0,000;"Completo";"COLETA DIÁRIA";
"PAJUÇARA";"ALPJCMENTR101 (L)";09/12/2019;12;242,004;0,000;138,264;0,000;"Completo";"COLETA DIÁRIA";
"PAJUÇARA";"ALPJCMENTR101 (L)";09/12/2019;13;240,828;0,000;145,656;0,000;"Completo";"COLETA DIÁRIA";
"PAJUÇARA";"ALPJCMENTR101 (L)";09/12/2019;14;248,136;0,000;140,952;0,000;"Completo";"COLETA DIÁRIA";
"PAJUÇARA";"ALPJCMENTR101 (L)";09/12/2019;15;246,876;0,000;140,280;0,000;"Completo";"COLETA DIÁRIA";
"PAJUÇARA";"ALPJCMENTR101 (L)";09/12/2019;16;294,168;0,000;172,788;0,000;"Completo";"COLETA DIÁRIA";
"PAJUÇARA";"ALPJCMENTR101 (L)";09/12/2019;17;272,412;0,000;145,740;0,000;"Completo";"COLETA DIÁRIA";
"PAJUÇARA";"ALPJCMENTR101 (L)";09/12/2019;18;257,460;0,000;140,784;0,000;"Completo";"COLETA DIÁRIA";
"PAJUÇARA";"ALPJCMENTR101 (L)";09/12/2019;19;243,096;0,000;133,476;0,000;"Completo";"COLETA DIÁRIA";
"PAJUÇARA";"ALPJCMENTR101 (L)";09/12/2019;20;249,396;0,000;140,448;0,000;"Completo";"COLETA DIÁRIA";
"PAJUÇARA";"ALPJCMENTR101 (L)";09/12/2019;21;247,800;0,000;136,584;0,000;"Completo";"COLETA DIÁRIA";
"PAJUÇARA";"ALPJCMENTR101 (L)";09/12/2019;22;227,892;0,000;121,884;0,000;"Completo";"COLETA DIÁRIA";
"PAJUÇARA";"ALPJCMENTR101 (L)";09/12/2019;23;221,088;0,000;122,052;0,000;"Completo";"COLETA DIÁRIA";
"PAJUÇARA";"ALPJCMENTR101 (L)";09/12/2019;24;215,460;0,000;121,716;0,000;"Completo";"COLETA DIÁRIA";
"PAJUÇARA";"ALPJCMENTR101 (L)";10/12/2019;1;210,924;0,000;125,412;0,000;"Completo";"COLETA DIÁRIA";
"PAJUÇARA";"ALPJCMENTR101 (L)";10/12/2019;2;219,996;0,000;126,588;0,000;"Completo";"COLETA DIÁRIA";
"PAJUÇARA";"ALPJCMENTR101 (L)";10/12/2019;3;202,524;0,000;129,864;0,000;"Completo";"COLETA DIÁRIA";
"PAJUÇARA";"ALPJCMENTR101 (L)";10/12/2019;4;195,636;0,000;122,640;0,000;"Completo";"COLETA DIÁRIA";
"PAJUÇARA";"ALPJCMENTR101 (L)";10/12/2019;5;188,076;0,000;122,724;0,000;"Completo";"COLETA DIÁRIA";
"PAJUÇARA";"ALPJCMENTR101 (L)";10/12/2019;6;209,160;0,000;124,572;0,000;"Completo";"COLETA DIÁRIA";
"PAJUÇARA";"ALPJCMENTR101 (L)";10/12/2019;7;235,284;0,000;132,468;0,000;"Completo";"COLETA DIÁRIA";
"PAJUÇARA";"ALPJCMENTR101 (L)";10/12/2019;8;236,964;0,000;130,284;0,000;"Completo";"COLETA DIÁRIA";
"PAJUÇARA";"ALPJCMENTR101 (L)";10/12/2019;9;241,164;0,000;132,720;0,000;"Completo";"COLETA DIÁRIA";
"PAJUÇARA";"ALPJCMENTR101 (L)";10/12/2019;10;249,732;0,000;139,692;0,000;"Completo";"COLETA DIÁRIA";
"PAJUÇARA";"ALPJCMENTR101 (L)";10/12/2019;11;255,360;0,000;137,088;0,000;"Completo";"COLETA DIÁRIA";
"PAJUÇARA";"ALPJCMENTR101 (L)";10/12/2019;12;252,672;0,000;134,652;0,000;"Completo";"COLETA DIÁRIA";
"PAJUÇARA";"ALPJCMENTR101 (L)";10/12/2019;13;255,108;0,000;142,884;0,000;"Completo";"COLETA DIÁRIA";
"PAJUÇARA";"ALPJCMENTR101 (L)";10/12/2019;14;298,536;0,000;174,468;0,000;"Completo";"COLETA DIÁRIA";
"PAJUÇARA";"ALPJCMENTR101 (L)";10/12/2019;15;250,572;0,000;140,280;0,000;"Completo";"COLETA DIÁRIA";
"PAJUÇARA";"ALPJCMENTR101 (L)";10/12/2019;16;270,480;0,000;148,344;0,000;"Completo";"COLETA DIÁRIA";
"PAJUÇARA";"ALPJCMENTR101 (L)";10/12/2019;17;288,120;0,000;151,284;0,000;"Completo";"COLETA DIÁRIA";
"PAJUÇARA";"ALPJCMENTR101 (L)";10/12/2019;18;302,652;0,000;164,388;0,000;"Completo";"COLETA DIÁRIA";
"PAJUÇARA";"ALPJCMENTR101 (L)";10/12/2019;19;248,472;0,000;135,240;0,000;"Completo";"COLETA DIÁRIA";
"PAJUÇARA";"ALPJCMENTR101 (L)";10/12/2019;20;263,340;0,000;152,292;0,000;"Completo";"COLETA DIÁRIA";
"PAJUÇARA";"ALPJCMENTR101 (L)";10/12/2019;21;272,832;0,000;155,064;0,000;"Completo";"COLETA DIÁRIA";
"PAJUÇARA";"ALPJCMENTR101 (L)";10/12/2019;22;284,088;0,000;147,084;0,000;"Completo";"COLETA DIÁRIA";
"PAJUÇARA";"ALPJCMENTR101 (L)";10/12/2019;23;259,980;0,000;136,920;0,000;"Completo";"COLETA DIÁRIA";
"PAJUÇARA";"ALPJCMENTR101 (L)";10/12/2019;24;275,688;0,000;152,544;0,000;"Completo";"COLETA DIÁRIA";
"PAJUÇARA";"ALPJCMENTR101 (L)";11/12/2019;1;286,188;0,000;164,388;0,000;"Completo";"COLETA DIÁRIA";
"PAJUÇARA";"ALPJCMENTR101 (L)";11/12/2019;2;270,144;0,000;155,232;0,000;"Completo";"COLETA DIÁRIA";
"PAJUÇARA";"ALPJCMENTR101 (L)";11/12/2019;3;269,724;0,000;152,628;0,000;"Completo";"COLETA DIÁRIA";
"PAJUÇARA";"ALPJCMENTR101 (L)";11/12/2019;4;279,468;0,000;164,388;0,000;"Completo";"COLETA DIÁRIA";
"PAJUÇARA";"ALPJCMENTR101 (L)";11/12/2019;5;276,192;0,000;161,616;0,000;"Completo";"COLETA DIÁRIA";
"PAJUÇARA";"ALPJCMENTR101 (L)";11/12/2019;6;281,820;0,000;159,096;0,000;"Completo";"COLETA DIÁRIA";
"PAJUÇARA";"ALPJCMENTR101 (L)";11/12/2019;7;312,480;0,000;175,560;0,000;"Completo";"COLETA DIÁRIA";
"PAJUÇARA";"ALPJCMENTR101 (L)";11/12/2019;8;360,276;0,000;183,288;0,000;"Completo";"COLETA DIÁRIA";
"PAJUÇARA";"ALPJCMENTR101 (L)";11/12/2019;9;345,828;0,000;184,380;0,000;"Completo";"COLETA DIÁRIA";
"PAJUÇARA";"ALPJCMENTR101 (L)";11/12/2019;10;352,212;0,000;186,312;0,000;"Completo";"COLETA DIÁRIA";
"PAJUÇARA";"ALPJCMENTR101 (L)";11/12/2019;11;323,484;0,000;167,244;0,000;"Completo";"COLETA DIÁRIA";
"PAJUÇARA";"ALPJCMENTR101 (L)";11/12/2019;12;336,084;0,000;169,512;0,000;"Completo";"COLETA DIÁRIA";
"PAJUÇARA";"ALPJCMENTR101 (L)";11/12/2019;13;334,236;0,000;181,524;0,000;"Completo";"COLETA DIÁRIA";
"PAJUÇARA";"ALPJCMENTR101 (L)";11/12/2019;14;321,720;0,000;178,920;0,000;"Completo";"COLETA DIÁRIA";
"PAJUÇARA";"ALPJCMENTR101 (L)";11/12/2019;15;363,216;0,000;205,716;0,000;"Completo";"COLETA DIÁRIA";
"PAJUÇARA";"ALPJCMENTR101 (L)";11/12/2019;16;302,316;0,000;155,064;0,000;"Completo";"COLETA DIÁRIA";
"PAJUÇARA";"ALPJCMENTR101 (L)";11/12/2019;17;307,356;0,000;160,020;0,000;"Completo";"COLETA DIÁRIA";
"PAJUÇARA";"ALPJCMENTR101 (L)";11/12/2019;18;301,308;0,000;164,304;0,000;"Completo";"COLETA DIÁRIA";
"PAJUÇARA";"ALPJCMENTR101 (L)";11/12/2019;19;297,024;0,000;156,492;0,000;"Completo";"COLETA DIÁRIA";
"PAJUÇARA";"ALPJCMENTR101 (L)";11/12/2019;20;309,540;0,000;164,808;0,000;"Completo";"COLETA DIÁRIA";
"PAJUÇARA";"ALPJCMENTR101 (L)";11/12/2019;21;294,000;0,000;155,064;0,000;"Completo";"COLETA DIÁRIA";
"PAJUÇARA";"ALPJCMENTR101 (L)";11/12/2019;22;272,580;0,000;142,800;0,000;"Completo";"COLETA DIÁRIA";
"PAJUÇARA";"ALPJCMENTR101 (L)";11/12/2019;23;189,672;0,000;98,448;0,000;"Completo";"COLETA DIÁRIA";
"PAJUÇARA";"ALPJCMENTR101 (L)";11/12/2019;24;210,252;0,000;104,496;0,000;"Completo";"COLETA DIÁRIA";
"PAJUÇARA";"ALPJCMENTR101 (L)";12/12/2019;1;269,976;0,000;137,844;0,000;"Completo";"COLETA DIÁRIA";
"PAJUÇARA";"ALPJCMENTR101 (L)";12/12/2019;2;234,696;0,000;120,792;0,000;"Completo";"COLETA DIÁRIA";
"PAJUÇARA";"ALPJCMENTR101 (L)";12/12/2019;3;222,096;0,000;118,524;0,000;"Completo";"COLETA DIÁRIA";
"PAJUÇARA";"ALPJCMENTR101 (L)";12/12/2019;4;184,212;0,000;93,996;0,000;"Completo";"COLETA DIÁRIA";
"PAJUÇARA";"ALPJCMENTR101 (L)";12/12/2019;5;250,404;0,000;135,492;0,000;"Completo";"COLETA DIÁRIA";
"PAJUÇARA";"ALPJCMENTR101 (L)";12/12/2019;6;229,740;0,000;125,160;0,000;"Completo";"COLETA DIÁRIA";
"PAJUÇARA";"ALPJCMENTR101 (L)";12/12/2019;7;238,308;0,000;117,684;0,000;"Completo";"COLETA DIÁRIA";
"PAJUÇARA";"ALPJCMENTR101 (L)";12/12/2019;8;298,872;0,000;153,804;0,000;"Completo";"COLETA DIÁRIA";
"PAJUÇARA";"ALPJCMENTR101 (L)";12/12/2019;9;307,272;0,000;157,164;0,000;"Completo";"COLETA DIÁRIA";
"PAJUÇARA";"ALPJCMENTR101 (L)";12/12/2019;10;310,884;0,000;156,660;0,000;"Completo";"COLETA DIÁRIA";
"PAJUÇARA";"ALPJCMENTR101 (L)";12/12/2019;11;313,992;0,000;160,440;0,000;"Completo";"COLETA DIÁRIA";
"PAJUÇARA";"ALPJCMENTR101 (L)";12/12/2019;12;308,616;0,000;162,960;0,000;"Completo";"COLETA DIÁRIA";
"PAJUÇARA";"ALPJCMENTR101 (L)";12/12/2019;13;282,492;0,000;145,572;0,000;"Completo";"COLETA DIÁRIA";
"PAJUÇARA";"ALPJCMENTR101 (L)";12/12/2019;14;343,728;0,000;183,624;0,000;"Completo";"COLETA DIÁRIA";
"PAJUÇARA";"ALPJCMENTR101 (L)";12/12/2019;15;223,860;0,000;111,048;0,000;"Completo";"COLETA DIÁRIA";
"PAJUÇARA";"ALPJCMENTR101 (L)";12/12/2019;16;275,604;0,000;139,692;0,000;"Completo";"COLETA DIÁRIA";
"PAJUÇARA";"ALPJCMENTR101 (L)";12/12/2019;17;297,024;0,000;155,904;0,000;"Completo";"COLETA DIÁRIA";
"PAJUÇARA";"ALPJCMENTR101 (L)";12/12/2019;18;308,280;0,000;162,624;0,000;"Completo";"COLETA DIÁRIA";
"PAJUÇARA";"ALPJCMENTR101 (L)";12/12/2019;19;301,812;0,000;156,072;0,000;"Completo";"COLETA DIÁRIA";
"PAJUÇARA";"ALPJCMENTR101 (L)";12/12/2019;20;302,568;0,000;161,364;0,000;"Completo";"COLETA DIÁRIA";
"PAJUÇARA";"ALPJCMENTR101 (L)";12/12/2019;21;290,556;0,000;158,340;0,000;"Completo";"COLETA DIÁRIA";
"PAJUÇARA";"ALPJCMENTR101 (L)";12/12/2019;22;302,736;0,000;164,304;0,000;"Completo";"COLETA DIÁRIA";
"PAJUÇARA";"ALPJCMENTR101 (L)";12/12/2019;23;285,264;0,000;150,864;0,000;"Completo";"COLETA DIÁRIA";
"PAJUÇARA";"ALPJCMENTR101 (L)";12/12/2019;24;255,024;0,000;148,008;0,000;"Completo";"COLETA DIÁRIA";
"PAJUÇARA";"ALPJCMENTR101 (L)";13/12/2019;1;273,168;0,000;152,208;0,000;"Completo";"COLETA DIÁRIA";
"PAJUÇARA";"ALPJCMENTR101 (L)";13/12/2019;2;279,048;0,000;152,460;0,000;"Completo";"COLETA DIÁRIA";
"PAJUÇARA";"ALPJCMENTR101 (L)";13/12/2019;3;263,676;0,000;154,476;0,000;"Completo";"COLETA DIÁRIA";
"PAJUÇARA";"ALPJCMENTR101 (L)";13/12/2019;4;259,056;0,000;146,160;0,000;"Completo";"COLETA DIÁRIA";
"PAJUÇARA";"ALPJCMENTR101 (L)";13/12/2019;5;280,896;0,000;155,988;0,000;"Completo";"COLETA DIÁRIA";
"PAJUÇARA";"ALPJCMENTR101 (L)";13/12/2019;6;271,320;0,000;152,040;0,000;"Completo";"COLETA DIÁRIA";
"PAJUÇARA";"ALPJCMENTR101 (L)";13/12/2019;7;308,616;0,000;176,652;0,000;"Completo";"COLETA DIÁRIA";
"PAJUÇARA";"ALPJCMENTR101 (L)";13/12/2019;8;313,824;0,000;172,284;0,000;"Completo";"COLETA DIÁRIA";
"PAJUÇARA";"ALPJCMENTR101 (L)";13/12/2019;9;312,480;0,000;173,208;0,000;"Completo";"COLETA DIÁRIA";
"PAJUÇARA";"ALPJCMENTR101 (L)";13/12/2019;10;323,568;0,000;173,292;0,000;"Completo";"COLETA DIÁRIA";
"PAJUÇARA";"ALPJCMENTR101 (L)";13/12/2019;11;333,816;0,000;176,232;0,000;"Completo";"COLETA DIÁRIA";
"PAJUÇARA";"ALPJCMENTR101 (L)";13/12/2019;12;317,940;0,000;171,444;0,000;"Completo";"COLETA DIÁRIA";
"PAJUÇARA";"ALPJCMENTR101 (L)";13/12/2019;13;318,360;0,000;171,696;0,000;"Completo";"COLETA DIÁRIA";
"PAJUÇARA";"ALPJCMENTR101 (L)";13/12/2019;14;316,932;0,000;164,724;0,000;"Completo";"COLETA DIÁRIA";
"PAJUÇARA";"ALPJCMENTR101 (L)";13/12/2019;15;308,448;0,000;160,272;0,000;"Completo";"COLETA DIÁRIA";
"PAJUÇARA";"ALPJCMENTR101 (L)";13/12/2019;16;315,756;0,000;166,992;0,000;"Completo";"COLETA DIÁRIA";
"PAJUÇARA";"ALPJCMENTR101 (L)";13/12/2019;17;294,840;0,000;151,788;0,000;"Completo";"COLETA DIÁRIA";
"PAJUÇARA";"ALPJCMENTR101 (L)";13/12/2019;18;257,460;0,000;123,816;0,000;"Completo";"COLETA DIÁRIA";
"PAJUÇARA";"ALPJCMENTR101 (L)";13/12/2019;19;290,136;0,000;150,360;0,000;"Completo";"COLETA DIÁRIA";
"PAJUÇARA";"ALPJCMENTR101 (L)";13/12/2019;20;274,932;0,000;151,536;0,000;"Completo";"COLETA DIÁRIA";
"PAJUÇARA";"ALPJCMENTR101 (L)";13/12/2019;21;241,164;0,000;133,980;0,000;"Completo";"COLETA DIÁRIA";
"PAJUÇARA";"ALPJCMENTR101 (L)";13/12/2019;22;249,564;0,000;135,912;0,000;"Completo";"COLETA DIÁRIA";
"PAJUÇARA";"ALPJCMENTR101 (L)";13/12/2019;23;232,428;0,000;129,528;0,000;"Completo";"COLETA DIÁRIA";
"PAJUÇARA";"ALPJCMENTR101 (L)";13/12/2019;24;240,828;0,000;136,836;0,000;"Completo";"COLETA DIÁRIA";
"PAJUÇARA";"ALPJCMENTR101 (L)";14/12/2019;1;226,800;0,000;125,916;0,000;"Completo";"COLETA DIÁRIA";
"PAJUÇARA";"ALPJCMENTR101 (L)";14/12/2019;2;223,104;0,000;126,588;0,000;"Completo";"COLETA DIÁRIA";
"PAJUÇARA";"ALPJCMENTR101 (L)";14/12/2019;3;221,592;0,000;126,168;0,000;"Completo";"COLETA DIÁRIA";
"PAJUÇARA";"ALPJCMENTR101 (L)";14/12/2019;4;229,572;0,000;129,948;0,000;"Completo";"COLETA DIÁRIA";
"PAJUÇARA";"ALPJCMENTR101 (L)";14/12/2019;5;228,312;0,000;129,948;0,000;"Completo";"COLETA DIÁRIA";
"PAJUÇARA";"ALPJCMENTR101 (L)";14/12/2019;6;217,140;0,000;128,100;0,000;"Completo";"COLETA DIÁRIA";
"PAJUÇARA";"ALPJCMENTR101 (L)";14/12/2019;7;252,756;0,000;146,664;0,000;"Completo";"COLETA DIÁRIA";
"PAJUÇARA";"ALPJCMENTR101 (L)";14/12/2019;8;262,668;0,000;152,208;0,000;"Completo";"COLETA DIÁRIA";
"PAJUÇARA";"ALPJCMENTR101 (L)";14/12/2019;9;318,696;0,000;187,404;0,000;"Completo";"COLETA DIÁRIA";
"PAJUÇARA";"ALPJCMENTR101 (L)";14/12/2019;10;297,192;0,000;173,124;0,000;"Completo";"COLETA DIÁRIA";
"PAJUÇARA";"ALPJCMENTR101 (L)";14/12/2019;11;300,468;0,000;175,392;0,000;"Completo";"COLETA DIÁRIA";
"PAJUÇARA";"ALPJCMENTR101 (L)";14/12/2019;12;300,720;0,000;177,996;0,000;"Completo";"COLETA DIÁRIA";
"PAJUÇARA";"ALPJCMENTR101 (L)";14/12/2019;13;284,340;0,000;176,400;0,000;"Completo";"COLETA DIÁRIA";
"PAJUÇARA";"ALPJCMENTR101 (L)";14/12/2019;14;275,268;0,000;171,780;0,000;"Completo";"COLETA DIÁRIA";
"PAJUÇARA";"ALPJCMENTR101 (L)";14/12/2019;15;285,348;0,000;178,752;0,000;"Completo";"COLETA DIÁRIA";
"PAJUÇARA";"ALPJCMENTR101 (L)";14/12/2019;16;280,056;0,000;174,636;0,000;"Completo";"COLETA DIÁRIA";
"PAJUÇARA";"ALPJCMENTR101 (L)";14/12/2019;17;283,920;0,000;180,516;0,000;"Completo";"COLETA DIÁRIA";
"PAJUÇARA";"ALPJCMENTR101 (L)";14/12/2019;18;292,320;0,000;182,952;0,000;"Completo";"COLETA DIÁRIA";
"PAJUÇARA";"ALPJCMENTR101 (L)";14/12/2019;19;267,372;0,000;171,696;0,000;"Completo";"COLETA DIÁRIA";
"PAJUÇARA";"ALPJCMENTR101 (L)";14/12/2019;20;281,652;0,000;168,420;0,000;"Completo";"COLETA DIÁRIA";
"PAJUÇARA";"ALPJCMENTR101 (L)";14/12/2019;21;267,960;0,000;158,172;0,000;"Completo";"COLETA DIÁRIA";
"PAJUÇARA";"ALPJCMENTR101 (L)";14/12/2019;22;240,660;0,000;142,296;0,000;"Completo";"COLETA DIÁRIA";
"PAJUÇARA";"ALPJCMENTR101 (L)";14/12/2019;23;149,772;0,000;94,080;0,000;"Completo";"COLETA DIÁRIA";
"PAJUÇARA";"ALPJCMENTR101 (L)";14/12/2019;24;143,556;0,000;89,208;0,000;"Completo";"COLETA DIÁRIA";
"PAJUÇARA";"ALPJCMENTR101 (L)";15/12/2019;1;212,604;0,000;132,888;0,000;"Completo";"COLETA DIÁRIA";
"PAJUÇARA";"ALPJCMENTR101 (L)";15/12/2019;2;228,564;0,000;141,708;0,000;"Completo";"COLETA DIÁRIA";
"PAJUÇARA";"ALPJCMENTR101 (L)";15/12/2019;3;245,112;0,000;151,368;0,000;"Completo";"COLETA DIÁRIA";
"PAJUÇARA";"ALPJCMENTR101 (L)";15/12/2019;4;248,808;0,000;160,440;0,000;"Completo";"COLETA DIÁRIA";
"PAJUÇARA";"ALPJCMENTR101 (L)";15/12/2019;5;241,500;0,000;157,248;0,000;"Completo";"COLETA DIÁRIA";
"PAJUÇARA";"ALPJCMENTR101 (L)";15/12/2019;6;217,140;0,000;132,972;0,000;"Completo";"COLETA DIÁRIA";
"PAJUÇARA";"ALPJCMENTR101 (L)";15/12/2019;7;200,676;0,000;120,372;0,000;"Completo";"COLETA DIÁRIA";
"PAJUÇARA";"ALPJCMENTR101 (L)";15/12/2019;8;181,020;0,000;108,108;0,000;"Completo";"COLETA DIÁRIA";
"PAJUÇARA";"ALPJCMENTR101 (L)";15/12/2019;9;180,264;0,000;112,812;0,000;"Completo";"COLETA DIÁRIA";
"PAJUÇARA";"ALPJCMENTR101 (L)";15/12/2019;10;193,956;0,000;124,908;0,000;"Completo";"COLETA DIÁRIA";
"PAJUÇARA";"ALPJCMENTR101 (L)";15/12/2019;11;199,752;0,000;125,916;0,000;"Completo";"COLETA DIÁRIA";
"PAJUÇARA";"ALPJCMENTR101 (L)";15/12/2019;12;191,688;0,000;121,884;0,000;"Completo";"COLETA DIÁRIA";
"PAJUÇARA";"ALPJCMENTR101 (L)";15/12/2019;13;192,360;0,000;120,204;0,000;"Completo";"COLETA DIÁRIA";
"PAJUÇARA";"ALPJCMENTR101 (L)";15/12/2019;14;191,856;0,000;123,900;0,000;"Completo";"COLETA DIÁRIA";
"PAJUÇARA";"ALPJCMENTR101 (L)";15/12/2019;15;123,144;0,000;89,544;0,000;"Completo";"COLETA DIÁRIA";
"PAJUÇARA";"ALPJCMENTR101 (L)";15/12/2019;16;153,300;0,000;104,664;0,000;"Completo";"COLETA DIÁRIA";
"PAJUÇARA";"ALPJCMENTR101 (L)";15/12/2019;17;153,468;0,000;101,472;0,000;"Completo";"COLETA DIÁRIA";
"PAJUÇARA";"ALPJCMENTR101 (L)";15/12/2019;18;140,532;0,000;89,544;0,000;"Completo";"COLETA DIÁRIA";
"PAJUÇARA";"ALPJCMENTR101 (L)";15/12/2019;19;145,908;0,000;91,308;0,000;"Completo";"COLETA DIÁRIA";
"PAJUÇARA";"ALPJCMENTR101 (L)";15/12/2019;20;152,124;0,000;97,944;0,000;"Completo";"COLETA DIÁRIA";
"PAJUÇARA";"ALPJCMENTR101 (L)";15/12/2019;21;111,300;0,000;72,492;0,000;"Completo";"COLETA DIÁRIA";
"PAJUÇARA";"ALPJCMENTR101 (L)";15/12/2019;22;135,324;0,000;88,116;0,000;"Completo";"COLETA DIÁRIA";
"PAJUÇARA";"ALPJCMENTR101 (L)";15/12/2019;23;140,868;0,000;93,072;0,000;"Completo";"COLETA DIÁRIA";
"PAJUÇARA";"ALPJCMENTR101 (L)";15/12/2019;24;132,384;0,000;90,132;0,000;"Completo";"COLETA DIÁRIA";
"PAJUÇARA";"ALPJCMENTR101 (L)";16/12/2019;1;98,196;0,000;67,032;0,000;"Completo";"COLETA DIÁRIA";
"PAJUÇARA";"ALPJCMENTR101 (L)";16/12/2019;2;68,796;0,000;51,744;0,000;"Completo";"COLETA DIÁRIA";
"PAJUÇARA";"ALPJCMENTR101 (L)";16/12/2019;3;103,992;0,000;73,248;0,000;"Completo";"COLETA DIÁRIA";
"PAJUÇARA";"ALPJCMENTR101 (L)";16/12/2019;4;117,852;0,000;85,848;0,000;"Completo";"COLETA DIÁRIA";
"PAJUÇARA";"ALPJCMENTR101 (L)";16/12/2019;5;9,744;0,000;6,804;0,000;"Completo";"COLETA DIÁRIA";
"PAJUÇARA";"ALPJCMENTR101 (L)";16/12/2019;6;86,436;0,000;60,144;0,000;"Completo";"COLETA DIÁRIA";
"PAJUÇARA";"ALPJCMENTR101 (L)";16/12/2019;7;181,356;0,000;111,216;0,000;"Completo";"COLETA DIÁRIA";
"PAJUÇARA";"ALPJCMENTR101 (L)";16/12/2019;8;241,836;0,000;122,388;0,000;"Completo";"COLETA DIÁRIA";
"PAJUÇARA";"ALPJCMENTR101 (L)";16/12/2019;9;261,072;0,000;136,836;0,000;"Completo";"COLETA DIÁRIA";
"PAJUÇARA";"ALPJCMENTR101 (L)";16/12/2019;10;254,688;0,000;132,804;0,000;"Completo";"COLETA DIÁRIA";
"PAJUÇARA";"ALPJCMENTR101 (L)";16/12/2019;11;270,228;0,000;140,700;0,000;"Completo";"COLETA DIÁRIA";
"PAJUÇARA";"ALPJCMENTR101 (L)";16/12/2019;12;261,240;0,000;137,928;0,000;"Completo";"COLETA DIÁRIA";
"PAJUÇARA";"ALPJCMENTR101 (L)";16/12/2019;13;228,900;0,000;114,576;0,000;"Completo";"COLETA DIÁRIA";
"PAJUÇARA";"ALPJCMENTR101 (L)";16/12/2019;14;261,744;0,000;144,312;0,000;"Completo";"COLETA DIÁRIA";
"PAJUÇARA";"ALPJCMENTR101 (L)";16/12/2019;15;270,816;0,000;152,796;0,000;"Completo";"COLETA DIÁRIA";
"PAJUÇARA";"ALPJCMENTR101 (L)";16/12/2019;16;246,288;0,000;134,316;0,000;"Completo";"COLETA DIÁRIA";
"PAJUÇARA";"ALPJCMENTR101 (L)";16/12/2019;17;239,232;0,000;132,636;0,000;"Completo";"COLETA DIÁRIA";
"PAJUÇARA";"ALPJCMENTR101 (L)";16/12/2019;18;244,944;0,000;136,584;0,000;"Completo";"COLETA DIÁRIA";
"PAJUÇARA";"ALPJCMENTR101 (L)";16/12/2019;19;260,484;0,000;148,428;0,000;"Completo";"COLETA DIÁRIA";
"PAJUÇARA";"ALPJCMENTR101 (L)";16/12/2019;20;257,460;0,000;148,680;0,000;"Completo";"COLETA DIÁRIA";
"PAJUÇARA";"ALPJCMENTR101 (L)";16/12/2019;21;249,648;0,000;138,936;0,000;"Completo";"COLETA DIÁRIA";
"PAJUÇARA";"ALPJCMENTR101 (L)";16/12/2019;22;233,352;0,000;122,220;0,000;"Completo";"COLETA DIÁRIA";
"PAJUÇARA";"ALPJCMENTR101 (L)";16/12/2019;23;203,784;0,000;105,336;0,000;"Completo";"COLETA DIÁRIA";
"PAJUÇARA";"ALPJCMENTR101 (L)";16/12/2019;24;207,396;0,000;112,140;0,000;"Completo";"COLETA DIÁRIA";
"PAJUÇARA";"ALPJCMENTR101 (L)";17/12/2019;1;190,764;0,000;108,108;0,000;"Completo";"COLETA DIÁRIA";
"PAJUÇARA";"ALPJCMENTR101 (L)";17/12/2019;2;205,044;0,000;115,416;0,000;"Completo";"COLETA DIÁRIA";
"PAJUÇARA";"ALPJCMENTR101 (L)";17/12/2019;3;201,600;0,000;113,316;0,000;"Completo";"COLETA DIÁRIA";
"PAJUÇARA";"ALPJCMENTR101 (L)";17/12/2019;4;205,884;0,000;115,584;0,000;"Completo";"COLETA DIÁRIA";
"PAJUÇARA";"ALPJCMENTR101 (L)";17/12/2019;5;193,368;0,000;117,936;0,000;"Completo";"COLETA DIÁRIA";
"PAJUÇARA";"ALPJCMENTR101 (L)";17/12/2019;6;190,008;0,000;103,488;0,000;"Completo";"COLETA DIÁRIA";
"PAJUÇARA";"ALPJCMENTR101 (L)";17/12/2019;7;247,464;0,000;135,744;0,000;"Completo";"COLETA DIÁRIA";
"PAJUÇARA";"ALPJCMENTR101 (L)";17/12/2019;8;258,384;0,000;143,724;0,000;"Completo";"COLETA DIÁRIA";
"PAJUÇARA";"ALPJCMENTR101 (L)";17/12/2019;9;263,004;0,000;137,172;0,000;"Completo";"COLETA DIÁRIA";
"PAJUÇARA";"ALPJCMENTR101 (L)";17/12/2019;10;254,352;0,000;130,536;0,000;"Completo";"COLETA DIÁRIA";
"PAJUÇARA";"ALPJCMENTR101 (L)";17/12/2019;11;285,852;0,000;149,604;0,000;"Completo";"COLETA DIÁRIA";
"PAJUÇARA";"ALPJCMENTR101 (L)";17/12/2019;12;286,020;0,000;149,940;0,000;"Completo";"COLETA DIÁRIA";
"PAJUÇARA";"ALPJCMENTR101 (L)";17/12/2019;13;272,748;0,000;151,536;0,000;"Completo";"COLETA DIÁRIA";
"PAJUÇARA";"ALPJCMENTR101 (L)";17/12/2019;14;301,392;0,000;175,896;0,000;"Completo";"COLETA DIÁRIA";
"PAJUÇARA";"ALPJCMENTR101 (L)";17/12/2019;15;305,760;0,000;176,652;0,000;"Completo";"COLETA DIÁRIA";
"PAJUÇARA";"ALPJCMENTR101 (L)";17/12/2019;16;308,952;0,000;175,896;0,000;"Completo";"COLETA DIÁRIA";
"PAJUÇARA";"ALPJCMENTR101 (L)";17/12/2019;17;315,588;0,000;182,868;0,000;"Completo";"COLETA DIÁRIA";
"PAJUÇARA";"ALPJCMENTR101 (L)";17/12/2019;18;304,416;0,000;168,000;0,000;"Completo";"COLETA DIÁRIA";
"PAJUÇARA";"ALPJCMENTR101 (L)";17/12/2019;19;291,396;0,000;156,744;0,000;"Completo";"COLETA DIÁRIA";
"PAJUÇARA";"ALPJCMENTR101 (L)";17/12/2019;20;290,556;0,000;158,508;0,000;"Completo";"COLETA DIÁRIA";
"PAJUÇARA";"ALPJCMENTR101 (L)";17/12/2019;21;293,664;0,000;158,424;0,000;"Completo";"COLETA DIÁRIA";
"PAJUÇARA";"ALPJCMENTR101 (L)";17/12/2019;22;272,832;0,000;138,516;0,000;"Completo";"COLETA DIÁRIA";
"PAJUÇARA";"ALPJCMENTR101 (L)";17/12/2019;23;261,996;0,000;133,896;0,000;"Completo";"COLETA DIÁRIA";
"PAJUÇARA";"ALPJCMENTR101 (L)";17/12/2019;24;273,504;0,000;148,596;0,000;"Completo";"COLETA DIÁRIA";
"PAJUÇARA";"ALPJCMENTR101 (L)";18/12/2019;1;260,064;0,000;141,960;0,000;"Completo";"COLETA DIÁRIA";
"PAJUÇARA";"ALPJCMENTR101 (L)";18/12/2019;2;239,904;0,000;137,424;0,000;"Completo";"COLETA DIÁRIA";
"PAJUÇARA";"ALPJCMENTR101 (L)";18/12/2019;3;257,460;0,000;149,940;0,000;"Completo";"COLETA DIÁRIA";
"PAJUÇARA";"ALPJCMENTR101 (L)";18/12/2019;4;226,800;0,000;127,764;0,000;"Completo";"COLETA DIÁRIA";
"PAJUÇARA";"ALPJCMENTR101 (L)";18/12/2019;5;282,828;0,000;156,744;0,000;"Completo";"COLETA DIÁRIA";
"PAJUÇARA";"ALPJCMENTR101 (L)";18/12/2019;6;269,976;0,000;157,416;0,000;"Completo";"COLETA DIÁRIA";
"PAJUÇARA";"ALPJCMENTR101 (L)";18/12/2019;7;301,140;0,000;175,056;0,000;"Completo";"COLETA DIÁRIA";
"PAJUÇARA";"ALPJCMENTR101 (L)";18/12/2019;8;323,568;0,000;176,652;0,000;"Completo";"COLETA DIÁRIA";
"PAJUÇARA";"ALPJCMENTR101 (L)";18/12/2019;9;298,704;0,000;158,508;0,000;"Completo";"COLETA DIÁRIA";
"PAJUÇARA";"ALPJCMENTR101 (L)";18/12/2019;10;315,000;0,000;164,976;0,000;"Completo";"COLETA DIÁRIA";
"PAJUÇARA";"ALPJCMENTR101 (L)";18/12/2019;11;313,320;0,000;172,200;0,000;"Completo";"COLETA DIÁRIA";
"PAJUÇARA";"ALPJCMENTR101 (L)";18/12/2019;12;315,336;0,000;174,972;0,000;"Completo";"COLETA DIÁRIA";
"PAJUÇARA";"ALPJCMENTR101 (L)";18/12/2019;13;303,828;0,000;152,712;0,000;"Completo";"COLETA DIÁRIA";
"PAJUÇARA";"ALPJCMENTR101 (L)";18/12/2019;14;348,264;0,000;186,732;0,000;"Completo";"INSPEÇÃO LÓGICA";
"PAJUÇARA";"ALPJCMENTR101 (L)";18/12/2019;15;294,672;0,000;146,916;0,000;"Completo";"INSPEÇÃO LÓGICA";
"PAJUÇARA";"ALPJCMENTR101 (L)";18/12/2019;16;295,764;0,000;151,116;0,000;"Completo";"COLETA DIÁRIA";
"PAJUÇARA";"ALPJCMENTR101 (L)";18/12/2019;17;296,016;0,000;159,012;0,000;"Completo";"COLETA DIÁRIA";
"PAJUÇARA";"ALPJCMENTR101 (L)";18/12/2019;18;309,288;0,000;164,388;0,000;"Completo";"COLETA DIÁRIA";
"PAJUÇARA";"ALPJCMENTR101 (L)";18/12/2019;19;292,068;0,000;149,184;0,000;"Completo";"COLETA DIÁRIA";
"PAJUÇARA";"ALPJCMENTR101 (L)";18/12/2019;20;289,632;0,000;150,276;0,000;"Completo";"INSPEÇÃO LÓGICA";
"PAJUÇARA";"ALPJCMENTR101 (L)";18/12/2019;21;297,360;0,000;156,156;0,000;"Completo";"INSPEÇÃO LÓGICA";
"PAJUÇARA";"ALPJCMENTR101 (L)";18/12/2019;22;298,452;0,000;159,348;0,000;"Completo";"INSPEÇÃO LÓGICA";
"PAJUÇARA";"ALPJCMENTR101 (L)";18/12/2019;23;284,256;0,000;152,544;0,000;"Completo";"COLETA DIÁRIA";
"PAJUÇARA";"ALPJCMENTR101 (L)";18/12/2019;24;275,940;0,000;147,588;0,000;"Completo";"COLETA DIÁRIA";
"PAJUÇARA";"ALPJCMENTR101 (L)";19/12/2019;1;270,144;0,000;145,656;0,000;"Completo";"COLETA DIÁRIA";
"PAJUÇARA";"ALPJCMENTR101 (L)";19/12/2019;2;277,368;0,000;149,520;0,000;"Completo";"COLETA DIÁRIA";
"PAJUÇARA";"ALPJCMENTR101 (L)";19/12/2019;3;251,916;0,000;143,808;0,000;"Completo";"COLETA DIÁRIA";
"PAJUÇARA";"ALPJCMENTR101 (L)";19/12/2019;4;256,704;0,000;131,292;0,000;"Completo";"COLETA DIÁRIA";
"PAJUÇARA";"ALPJCMENTR101 (L)";19/12/2019;5;252,336;0,000;131,880;0,000;"Completo";"COLETA DIÁRIA";
"PAJUÇARA";"ALPJCMENTR101 (L)";19/12/2019;6;265,944;0,000;156,576;0,000;"Completo";"COLETA DIÁRIA";
"PAJUÇARA";"ALPJCMENTR101 (L)";19/12/2019;7;291,564;0,000;160,524;0,000;"Completo";"COLETA DIÁRIA";
"PAJUÇARA";"ALPJCMENTR101 (L)";19/12/2019;8;318,024;0,000;170,100;0,000;"Completo";"COLETA DIÁRIA";
"PAJUÇARA";"ALPJCMENTR101 (L)";19/12/2019;9;316,932;0,000;169,344;0,000;"Completo";"COLETA DIÁRIA";
"PAJUÇARA";"ALPJCMENTR101 (L)";19/12/2019;10;309,036;0,000;161,532;0,000;"Completo";"COLETA DIÁRIA";
"PAJUÇARA";"ALPJCMENTR101 (L)";19/12/2019;11;314,412;0,000;160,692;0,000;"Completo";"COLETA DIÁRIA";
"PAJUÇARA";"ALPJCMENTR101 (L)";19/12/2019;12;294,168;0,000;150,108;0,000;"Completo";"COLETA DIÁRIA";
"PAJUÇARA";"ALPJCMENTR101 (L)";19/12/2019;13;298,032;0,000;152,712;0,000;"Completo";"COLETA DIÁRIA";
"PAJUÇARA";"ALPJCMENTR101 (L)";19/12/2019;14;303,240;0,000;150,612;0,000;"Completo";"COLETA DIÁRIA";
"PAJUÇARA";"ALPJCMENTR101 (L)";19/12/2019;15;315,840;0,000;157,836;0,000;"Completo";"COLETA DIÁRIA";
"PAJUÇARA";"ALPJCMENTR101 (L)";19/12/2019;16;327,768;0,000;175,308;0,000;"Completo";"COLETA DIÁRIA";
"PAJUÇARA";"ALPJCMENTR101 (L)";19/12/2019;17;326,676;0,000;180,180;0,000;"Completo";"COLETA DIÁRIA";
"PAJUÇARA";"ALPJCMENTR101 (L)";19/12/2019;18;311,976;0,000;168,504;0,000;"Completo";"COLETA DIÁRIA";
"PAJUÇARA";"ALPJCMENTR101 (L)";19/12/2019;19;297,360;0,000;161,280;0,000;"Completo";"COLETA DIÁRIA";
"PAJUÇARA";"ALPJCMENTR101 (L)";19/12/2019;20;303,240;0,000;164,136;0,000;"Completo";"COLETA DIÁRIA";
"PAJUÇARA";"ALPJCMENTR101 (L)";19/12/2019;21;293,832;0,000;157,332;0,000;"Completo";"COLETA DIÁRIA";
"PAJUÇARA";"ALPJCMENTR101 (L)";19/12/2019;22;294,000;0,000;156,072;0,000;"Completo";"COLETA DIÁRIA";
"PAJUÇARA";"ALPJCMENTR101 (L)";19/12/2019;23;275,268;0,000;146,328;0,000;"Completo";"COLETA DIÁRIA";
"PAJUÇARA";"ALPJCMENTR101 (L)";19/12/2019;24;278,628;0,000;150,360;0,000;"Completo";"COLETA DIÁRIA";
"PAJUÇARA";"ALPJCMENTR101 (L)";20/12/2019;1;262,332;0,000;144,144;0,000;"Completo";"COLETA DIÁRIA";
"PAJUÇARA";"ALPJCMENTR101 (L)";20/12/2019;2;273,084;0,000;153,300;0,000;"Completo";"COLETA DIÁRIA";
"PAJUÇARA";"ALPJCMENTR101 (L)";20/12/2019;3;271,824;0,000;153,972;0,000;"Completo";"COLETA DIÁRIA";
"PAJUÇARA";"ALPJCMENTR101 (L)";20/12/2019;4;249,564;0,000;143,808;0,000;"Completo";"COLETA DIÁRIA";
"PAJUÇARA";"ALPJCMENTR101 (L)";20/12/2019;5;273,672;0,000;150,612;0,000;"Completo";"COLETA DIÁRIA";
"PAJUÇARA";"ALPJCMENTR101 (L)";20/12/2019;6;298,368;0,000;165,312;0,000;"Completo";"COLETA DIÁRIA";
"PAJUÇARA";"ALPJCMENTR101 (L)";20/12/2019;7;307,524;0,000;168,840;0,000;"Completo";"COLETA DIÁRIA";
"PAJUÇARA";"ALPJCMENTR101 (L)";20/12/2019;8;305,256;0,000;156,408;0,000;"Completo";"COLETA DIÁRIA";
"PAJUÇARA";"ALPJCMENTR101 (L)";20/12/2019;9;304,584;0,000;153,552;0,000;"Completo";"COLETA DIÁRIA";
"PAJUÇARA";"ALPJCMENTR101 (L)";20/12/2019;10;328,608;0,000;169,596;0,000;"Completo";"COLETA DIÁRIA";
"PAJUÇARA";"ALPJCMENTR101 (L)";20/12/2019;11;310,800;0,000;163,212;0,000;"Completo";"COLETA DIÁRIA";
"PAJUÇARA";"ALPJCMENTR101 (L)";20/12/2019;12;331,548;0,000;182,364;0,000;"Completo";"COLETA DIÁRIA";
"PAJUÇARA";"ALPJCMENTR101 (L)";20/12/2019;13;304,500;0,000;168,420;0,000;"Completo";"COLETA DIÁRIA";
"PAJUÇARA";"ALPJCMENTR101 (L)";20/12/2019;14;284,424;0,000;140,364;0,000;"Completo";"COLETA DIÁRIA";
"PAJUÇARA";"ALPJCMENTR101 (L)";20/12/2019;15;321,468;0,000;170,184;0,000;"Completo";"COLETA DIÁRIA";
"PAJUÇARA";"ALPJCMENTR101 (L)";20/12/2019;16;311,136;0,000;164,892;0,000;"Completo";"COLETA DIÁRIA";
"PAJUÇARA";"ALPJCMENTR101 (L)";20/12/2019;17;330,624;0,000;178,668;0,000;"Completo";"COLETA DIÁRIA";
"PAJUÇARA";"ALPJCMENTR101 (L)";20/12/2019;18;301,644;0,000;159,768;0,000;"Completo";"COLETA DIÁRIA";
"PAJUÇARA";"ALPJCMENTR101 (L)";20/12/2019;19;283,752;0,000;142,800;0,000;"Completo";"COLETA DIÁRIA";
"PAJUÇARA";"ALPJCMENTR101 (L)";20/12/2019;20;287,952;0,000;149,856;0,000;"Completo";"COLETA DIÁRIA";
"PAJUÇARA";"ALPJCMENTR101 (L)";20/12/2019;21;271,572;0,000;140,112;0,000;"Completo";"COLETA DIÁRIA";
"PAJUÇARA";"ALPJCMENTR101 (L)";20/12/2019;22;287,784;0,000;158,676;0,000;"Completo";"COLETA DIÁRIA";
"PAJUÇARA";"ALPJCMENTR101 (L)";20/12/2019;23;256,368;0,000;140,112;0,000;"Completo";"COLETA DIÁRIA";
"PAJUÇARA";"ALPJCMENTR101 (L)";20/12/2019;24;274,008;0,000;150,192;0,000;"Completo";"COLETA DIÁRIA";
"PAJUÇARA";"ALPJCMENTR101 (L)";21/12/2019;1;228,984;0,000;126,756;0,000;"Completo";"COLETA DIÁRIA";
"PAJUÇARA";"ALPJCMENTR101 (L)";21/12/2019;2;264,012;0,000;148,932;0,000;"Completo";"COLETA DIÁRIA";
"PAJUÇARA";"ALPJCMENTR101 (L)";21/12/2019;3;260,400;0,000;146,748;0,000;"Completo";"COLETA DIÁRIA";
"PAJUÇARA";"ALPJCMENTR101 (L)";21/12/2019;4;259,140;0,000;145,572;0,000;"Completo";"COLETA DIÁRIA";
"PAJUÇARA";"ALPJCMENTR101 (L)";21/12/2019;5;276,948;0,000;154,392;0,000;"Completo";"COLETA DIÁRIA";
"PAJUÇARA";"ALPJCMENTR101 (L)";21/12/2019;6;267,960;0,000;145,572;0,000;"Completo";"COLETA DIÁRIA";
"PAJUÇARA";"ALPJCMENTR101 (L)";21/12/2019;7;297,948;0,000;164,136;0,000;"Completo";"COLETA DIÁRIA";
"PAJUÇARA";"ALPJCMENTR101 (L)";21/12/2019;8;319,452;0,000;174,552;0,000;"Completo";"COLETA DIÁRIA";
"PAJUÇARA";"ALPJCMENTR101 (L)";21/12/2019;9;314,412;0,000;176,652;0,000;"Completo";"COLETA DIÁRIA";
"PAJUÇARA";"ALPJCMENTR101 (L)";21/12/2019;10;305,676;0,000;176,148;0,000;"Completo";"COLETA DIÁRIA";
"PAJUÇARA";"ALPJCMENTR101 (L)";21/12/2019;11;299,712;0,000;171,696;0,000;"Completo";"COLETA DIÁRIA";
"PAJUÇARA";"ALPJCMENTR101 (L)";21/12/2019;12;273,840;0,000;150,192;0,000;"Completo";"COLETA DIÁRIA";
"PAJUÇARA";"ALPJCMENTR101 (L)";21/12/2019;13;328,524;0,000;182,784;0,000;"Completo";"COLETA DIÁRIA";
"PAJUÇARA";"ALPJCMENTR101 (L)";21/12/2019;14;325,584;0,000;185,220;0,000;"Completo";"COLETA DIÁRIA";
"PAJUÇARA";"ALPJCMENTR101 (L)";21/12/2019;15;342,972;0,000;201,936;0,000;"Completo";"COLETA DIÁRIA";
"PAJUÇARA";"ALPJCMENTR101 (L)";21/12/2019;16;326,340;0,000;194,040;0,000;"Completo";"COLETA DIÁRIA";
"PAJUÇARA";"ALPJCMENTR101 (L)";21/12/2019;17;323,064;0,000;189,840;0,000;"Completo";"COLETA DIÁRIA";
"PAJUÇARA";"ALPJCMENTR101 (L)";21/12/2019;18;319,788;0,000;188,664;0,000;"Completo";"COLETA DIÁRIA";
"PAJUÇARA";"ALPJCMENTR101 (L)";21/12/2019;19;299,796;0,000;168,084;0,000;"Completo";"COLETA DIÁRIA";
"PAJUÇARA";"ALPJCMENTR101 (L)";21/12/2019;20;290,724;0,000;164,556;0,000;"Completo";"COLETA DIÁRIA";
"PAJUÇARA";"ALPJCMENTR101 (L)";21/12/2019;21;290,052;0,000;154,056;0,000;"Completo";"COLETA DIÁRIA";
"PAJUÇARA";"ALPJCMENTR101 (L)";21/12/2019;22;267,456;0,000;138,012;0,000;"Completo";"COLETA DIÁRIA";
"PAJUÇARA";"ALPJCMENTR101 (L)";21/12/2019;23;263,844;0,000;153,972;0,000;"Completo";"COLETA DIÁRIA";
"PAJUÇARA";"ALPJCMENTR101 (L)";21/12/2019;24;268,884;0,000;167,076;0,000;"Completo";"COLETA DIÁRIA";
"PAJUÇARA";"ALPJCMENTR101 (L)";22/12/2019;1;206,724;0,000;129,864;0,000;"Completo";"COLETA DIÁRIA";
"PAJUÇARA";"ALPJCMENTR101 (L)";22/12/2019;2;219,324;0,000;135,240;0,000;"Completo";"COLETA DIÁRIA";
"PAJUÇARA";"ALPJCMENTR101 (L)";22/12/2019;3;246,120;0,000;152,292;0,000;"Completo";"COLETA DIÁRIA";
"PAJUÇARA";"ALPJCMENTR101 (L)";22/12/2019;4;249,984;0,000;158,088;0,000;"Completo";"COLETA DIÁRIA";
"PAJUÇARA";"ALPJCMENTR101 (L)";22/12/2019;5;247,044;0,000;155,148;0,000;"Completo";"COLETA DIÁRIA";
"PAJUÇARA";"ALPJCMENTR101 (L)";22/12/2019;6;213,444;0,000;134,736;0,000;"Completo";"COLETA DIÁRIA";
"PAJUÇARA";"ALPJCMENTR101 (L)";22/12/2019;7;202,944;0,000;129,948;0,000;"Completo";"COLETA DIÁRIA";
"PAJUÇARA";"ALPJCMENTR101 (L)";22/12/2019;8;186,816;0,000;111,552;0,000;"Completo";"COLETA DIÁRIA";
"PAJUÇARA";"ALPJCMENTR101 (L)";22/12/2019;9;174,636;0,000;104,916;0,000;"Completo";"COLETA DIÁRIA";
"PAJUÇARA";"ALPJCMENTR101 (L)";22/12/2019;10;163,296;0,000;106,932;0,000;"Completo";"COLETA DIÁRIA";
"PAJUÇARA";"ALPJCMENTR101 (L)";22/12/2019;11;133,308;0,000;83,412;0,000;"Completo";"COLETA DIÁRIA";
"PAJUÇARA";"ALPJCMENTR101 (L)";22/12/2019;12;187,320;0,000;121,548;0,000;"Completo";"COLETA DIÁRIA";
"PAJUÇARA";"ALPJCMENTR101 (L)";22/12/2019;13;185,556;0,000;124,992;0,000;"Completo";"COLETA DIÁRIA";
"PAJUÇARA";"ALPJCMENTR101 (L)";22/12/2019;14;149,604;0,000;100,212;0,000;"Completo";"COLETA DIÁRIA";
"PAJUÇARA";"ALPJCMENTR101 (L)";22/12/2019;15;175,056;0,000;108,780;0,000;"Completo";"COLETA DIÁRIA";
"PAJUÇARA";"ALPJCMENTR101 (L)";22/12/2019;16;159,768;0,000;100,464;0,000;"Completo";"COLETA DIÁRIA";
"PAJUÇARA";"ALPJCMENTR101 (L)";22/12/2019;17;167,580;0,000;104,412;0,000;"Completo";"COLETA DIÁRIA";
"PAJUÇARA";"ALPJCMENTR101 (L)";22/12/2019;18;114,660;0,000;79,716;0,000;"Completo";"COLETA DIÁRIA";
"PAJUÇARA";"ALPJCMENTR101 (L)";22/12/2019;19;145,740;0,000;97,692;0,000;"Completo";"COLETA DIÁRIA";
"PAJUÇARA";"ALPJCMENTR101 (L)";22/12/2019;20;154,644;0,000;106,848;0,000;"Completo";"COLETA DIÁRIA";
"PAJUÇARA";"ALPJCMENTR101 (L)";22/12/2019;21;142,716;0,000;98,028;0,000;"Completo";"COLETA DIÁRIA";
"PAJUÇARA";"ALPJCMENTR101 (L)";22/12/2019;22;153,636;0,000;105,756;0,000;"Completo";"COLETA DIÁRIA";
"PAJUÇARA";"ALPJCMENTR101 (L)";22/12/2019;23;139,944;0,000;100,716;0,000;"Completo";"COLETA DIÁRIA";
"PAJUÇARA";"ALPJCMENTR101 (L)";22/12/2019;24;147,168;0,000;106,848;0,000;"Completo";"COLETA DIÁRIA";
"PAJUÇARA";"ALPJCMENTR101 (L)";23/12/2019;1;134,484;0,000;99,204;0,000;"Completo";"COLETA DIÁRIA";
"PAJUÇARA";"ALPJCMENTR101 (L)";23/12/2019;2;123,060;0,000;92,736;0,000;"Completo";"COLETA DIÁRIA";
"PAJUÇARA";"ALPJCMENTR101 (L)";23/12/2019;3;97,608;0,000;71,568;0,000;"Completo";"COLETA DIÁRIA";
"PAJUÇARA";"ALPJCMENTR101 (L)";23/12/2019;4;79,716;0,000;53,508;0,000;"Completo";"COLETA DIÁRIA";
"PAJUÇARA";"ALPJCMENTR101 (L)";23/12/2019;5;76,272;0,000;51,660;0,000;"Completo";"COLETA DIÁRIA";
"PAJUÇARA";"ALPJCMENTR101 (L)";23/12/2019;6;130,116;0,000;91,812;0,000;"Completo";"COLETA DIÁRIA";
"PAJUÇARA";"ALPJCMENTR101 (L)";23/12/2019;7;176,400;0,000;109,284;0,000;"Completo";"COLETA DIÁRIA";
"PAJUÇARA";"ALPJCMENTR101 (L)";23/12/2019;8;205,128;0,000;118,860;0,000;"Completo";"COLETA DIÁRIA";
"PAJUÇARA";"ALPJCMENTR101 (L)";23/12/2019;9;213,528;0,000;127,596;0,000;"Completo";"COLETA DIÁRIA";
"PAJUÇARA";"ALPJCMENTR101 (L)";23/12/2019;10;196,812;0,000;114,576;0,000;"Completo";"COLETA DIÁRIA";
"PAJUÇARA";"ALPJCMENTR101 (L)";23/12/2019;11;183,960;0,000;101,724;0,000;"Completo";"COLETA DIÁRIA";
"PAJUÇARA";"ALPJCMENTR101 (L)";23/12/2019;12;249,144;0,000;140,700;0,000;"Completo";"COLETA DIÁRIA";
"PAJUÇARA";"ALPJCMENTR101 (L)";23/12/2019;13;253,596;0,000;147,252;0,000;"Completo";"COLETA DIÁRIA";
"PAJUÇARA";"ALPJCMENTR101 (L)";23/12/2019;14;240,324;0,000;136,668;0,000;"Completo";"COLETA DIÁRIA";
"PAJUÇARA";"ALPJCMENTR101 (L)";23/12/2019;15;242,928;0,000;144,984;0,000;"Completo";"COLETA DIÁRIA";
"PAJUÇARA";"ALPJCMENTR101 (L)";23/12/2019;16;248,640;0,000;148,008;0,000;"Completo";"COLETA DIÁRIA";
"PAJUÇARA";"ALPJCMENTR101 (L)";23/12/2019;17;236,208;0,000;142,800;0,000;"Completo";"COLETA DIÁRIA";
"PAJUÇARA";"ALPJCMENTR101 (L)";23/12/2019;18;246,792;0,000;144,060;0,000;"Completo";"COLETA DIÁRIA";
"PAJUÇARA";"ALPJCMENTR101 (L)";23/12/2019;19;185,556;0,000;111,300;0,000;"Completo";"COLETA DIÁRIA";
"PAJUÇARA";"ALPJCMENTR101 (L)";23/12/2019;20;150,612;0,000;83,076;0,000;"Completo";"COLETA DIÁRIA";
"PAJUÇARA";"ALPJCMENTR101 (L)";23/12/2019;21;208,572;0,000;121,128;0,000;"Completo";"COLETA DIÁRIA";
"PAJUÇARA";"ALPJCMENTR101 (L)";23/12/2019;22;213,780;0,000;131,628;0,000;"Completo";"COLETA DIÁRIA";
"PAJUÇARA";"ALPJCMENTR101 (L)";23/12/2019;23;221,592;0,000;138,936;0,000;"Completo";"COLETA DIÁRIA";
"PAJUÇARA";"ALPJCMENTR101 (L)";23/12/2019;24;229,236;0,000;141,792;0,000;"Completo";"COLETA DIÁRIA";
"PAJUÇARA";"ALPJCMENTR101 (L)";24/12/2019;1;238,056;0,000;149,352;0,000;"Completo";"COLETA DIÁRIA";
"PAJUÇARA";"ALPJCMENTR101 (L)";24/12/2019;2;231,504;0,000;147,252;0,000;"Completo";"COLETA DIÁRIA";
"PAJUÇARA";"ALPJCMENTR101 (L)";24/12/2019;3;235,032;0,000;146,916;0,000;"Completo";"COLETA DIÁRIA";
"PAJUÇARA";"ALPJCMENTR101 (L)";24/12/2019;4;227,136;0,000;144,060;0,000;"Completo";"COLETA DIÁRIA";
"PAJUÇARA";"ALPJCMENTR101 (L)";24/12/2019;5;236,376;0,000;149,688;0,000;"Completo";"COLETA DIÁRIA";
"PAJUÇARA";"ALPJCMENTR101 (L)";24/12/2019;6;234,360;0,000;143,724;0,000;"Completo";"COLETA DIÁRIA";
"PAJUÇARA";"ALPJCMENTR101 (L)";24/12/2019;7;252,252;0,000;152,544;0,000;"Completo";"COLETA DIÁRIA";
"PAJUÇARA";"ALPJCMENTR101 (L)";24/12/2019;8;273,336;0,000;165,312;0,000;"Completo";"COLETA DIÁRIA";
"PAJUÇARA";"ALPJCMENTR101 (L)";24/12/2019;9;319,956;0,000;199,752;0,000;"Completo";"COLETA DIÁRIA";
"PAJUÇARA";"ALPJCMENTR101 (L)";24/12/2019;10;293,496;0,000;176,820;0,000;"Completo";"COLETA DIÁRIA";
"PAJUÇARA";"ALPJCMENTR101 (L)";24/12/2019;11;289,968;0,000;175,560;0,000;"Completo";"COLETA DIÁRIA";
"PAJUÇARA";"ALPJCMENTR101 (L)";24/12/2019;12;286,356;0,000;176,400;0,000;"Completo";"COLETA DIÁRIA";
"PAJUÇARA";"ALPJCMENTR101 (L)";24/12/2019;13;283,248;0,000;178,416;0,000;"Completo";"COLETA DIÁRIA";
"PAJUÇARA";"ALPJCMENTR101 (L)";24/12/2019;14;279,720;0,000;179,424;0,000;"Completo";"COLETA DIÁRIA";
"PAJUÇARA";"ALPJCMENTR101 (L)";24/12/2019;15;277,200;0,000;173,544;0,000;"Completo";"COLETA DIÁRIA";
"PAJUÇARA";"ALPJCMENTR101 (L)";24/12/2019;16;268,296;0,000;167,580;0,000;"Completo";"COLETA DIÁRIA";
"PAJUÇARA";"ALPJCMENTR101 (L)";24/12/2019;17;256,620;0,000;159,768;0,000;"Completo";"COLETA DIÁRIA";
"PAJUÇARA";"ALPJCMENTR101 (L)";24/12/2019;18;243,600;0,000;150,444;0,000;"Completo";"COLETA DIÁRIA";
"PAJUÇARA";"ALPJCMENTR101 (L)";24/12/2019;19;232,848;0,000;133,812;0,000;"Completo";"COLETA DIÁRIA";
"PAJUÇARA";"ALPJCMENTR101 (L)";24/12/2019;20;221,844;0,000;126,924;0,000;"Completo";"COLETA DIÁRIA";
"PAJUÇARA";"ALPJCMENTR101 (L)";24/12/2019;21;187,320;0,000;112,140;0,000;"Completo";"COLETA DIÁRIA";
"PAJUÇARA";"ALPJCMENTR101 (L)";24/12/2019;22;194,376;0,000;124,068;0,000;"Completo";"COLETA DIÁRIA";
"PAJUÇARA";"ALPJCMENTR101 (L)";24/12/2019;23;189,756;0,000;126,756;0,000;"Completo";"COLETA DIÁRIA";
"PAJUÇARA";"ALPJCMENTR101 (L)";24/12/2019;24;192,780;0,000;124,152;0,000;"Completo";"COLETA DIÁRIA";
"PAJUÇARA";"ALPJCMENTR101 (L)";25/12/2019;1;195,636;0,000;124,404;0,000;"Completo";"COLETA DIÁRIA";
"PAJUÇARA";"ALPJCMENTR101 (L)";25/12/2019;2;200,172;0,000;125,664;0,000;"Completo";"COLETA DIÁRIA";
"PAJUÇARA";"ALPJCMENTR101 (L)";25/12/2019;3;200,676;0,000;124,572;0,000;"Completo";"COLETA DIÁRIA";
"PAJUÇARA";"ALPJCMENTR101 (L)";25/12/2019;4;199,416;0,000;125,076;0,000;"Completo";"COLETA DIÁRIA";
"PAJUÇARA";"ALPJCMENTR101 (L)";25/12/2019;5;203,028;0,000;128,016;0,000;"Completo";"COLETA DIÁRIA";
"PAJUÇARA";"ALPJCMENTR101 (L)";25/12/2019;6;200,508;0,000;133,224;0,000;"Completo";"COLETA DIÁRIA";
"PAJUÇARA";"ALPJCMENTR101 (L)";25/12/2019;7;190,344;0,000;124,152;0,000;"Completo";"COLETA DIÁRIA";
"PAJUÇARA";"ALPJCMENTR101 (L)";25/12/2019;8;190,260;0,000;120,372;0,000;"Completo";"COLETA DIÁRIA";
"PAJUÇARA";"ALPJCMENTR101 (L)";25/12/2019;9;175,140;0,000;110,964;0,000;"Completo";"COLETA DIÁRIA";
"PAJUÇARA";"ALPJCMENTR101 (L)";25/12/2019;10;183,456;0,000;109,704;0,000;"Completo";"COLETA DIÁRIA";
"PAJUÇARA";"ALPJCMENTR101 (L)";25/12/2019;11;182,196;0,000;113,484;0,000;"Completo";"COLETA DIÁRIA";
"PAJUÇARA";"ALPJCMENTR101 (L)";25/12/2019;12;182,784;0,000;118,188;0,000;"Completo";"COLETA DIÁRIA";
"PAJUÇARA";"ALPJCMENTR101 (L)";25/12/2019;13;193,536;0,000;123,984;0,000;"Completo";"COLETA DIÁRIA";
"PAJUÇARA";"ALPJCMENTR101 (L)";25/12/2019;14;193,284;0,000;125,580;0,000;"Completo";"COLETA DIÁRIA";
"PAJUÇARA";"ALPJCMENTR101 (L)";25/12/2019;15;189,084;0,000;117,852;0,000;"Completo";"COLETA DIÁRIA";
"PAJUÇARA";"ALPJCMENTR101 (L)";25/12/2019;16;167,580;0,000;101,388;0,000;"Completo";"COLETA DIÁRIA";
"PAJUÇARA";"ALPJCMENTR101 (L)";25/12/2019;17;188,328;0,000;113,904;0,000;"Completo";"COLETA DIÁRIA";
"PAJUÇARA";"ALPJCMENTR101 (L)";25/12/2019;18;149,100;0,000;90,804;0,000;"Completo";"COLETA DIÁRIA";
"PAJUÇARA";"ALPJCMENTR101 (L)";25/12/2019;19;173,796;0,000;105,252;0,000;"Completo";"COLETA DIÁRIA";
"PAJUÇARA";"ALPJCMENTR101 (L)";25/12/2019;20;178,500;0,000;110,628;0,000;"Completo";"COLETA DIÁRIA";
"PAJUÇARA";"ALPJCMENTR101 (L)";25/12/2019;21;190,008;0,000;113,064;0,000;"Completo";"COLETA DIÁRIA";
"PAJUÇARA";"ALPJCMENTR101 (L)";25/12/2019;22;196,308;0,000;115,584;0,000;"Completo";"COLETA DIÁRIA";
"PAJUÇARA";"ALPJCMENTR101 (L)";25/12/2019;23;206,724;0,000;129,024;0,000;"Completo";"COLETA DIÁRIA";
"PAJUÇARA";"ALPJCMENTR101 (L)";25/12/2019;24;206,556;0,000;130,704;0,000;"Completo";"COLETA DIÁRIA";
"PAJUÇARA";"ALPJCMENTR101 (L)";26/12/2019;1;206,976;0,000;131,880;0,000;"Completo";"COLETA DIÁRIA";
"PAJUÇARA";"ALPJCMENTR101 (L)";26/12/2019;2;206,808;0,000;133,980;0,000;"Completo";"COLETA DIÁRIA";
"PAJUÇARA";"ALPJCMENTR101 (L)";26/12/2019;3;200,928;0,000;132,468;0,000;"Completo";"COLETA DIÁRIA";
"PAJUÇARA";"ALPJCMENTR101 (L)";26/12/2019;4;192,360;0,000;128,184;0,000;"Completo";"COLETA DIÁRIA";
"PAJUÇARA";"ALPJCMENTR101 (L)";26/12/2019;5;134,064;0,000;100,212;0,000;"Completo";"COLETA DIÁRIA";
"PAJUÇARA";"ALPJCMENTR101 (L)";26/12/2019;6;163,128;0,000;114,828;0,000;"Completo";"COLETA DIÁRIA";
"PAJUÇARA";"ALPJCMENTR101 (L)";26/12/2019;7;205,716;0,000;133,224;0,000;"Completo";"COLETA DIÁRIA";
"PAJUÇARA";"ALPJCMENTR101 (L)";26/12/2019;8;237,972;0,000;142,632;0,000;"Completo";"COLETA DIÁRIA";
"PAJUÇARA";"ALPJCMENTR101 (L)";26/12/2019;9;255,948;0,000;152,796;0,000;"Completo";"COLETA DIÁRIA";
"PAJUÇARA";"ALPJCMENTR101 (L)";26/12/2019;10;245,364;0,000;139,020;0,000;"Completo";"COLETA DIÁRIA";
"PAJUÇARA";"ALPJCMENTR101 (L)";26/12/2019;11;249,900;0,000;145,656;0,000;"Completo";"COLETA DIÁRIA";
"PAJUÇARA";"ALPJCMENTR101 (L)";26/12/2019;12;275,016;0,000;155,064;0,000;"Completo";"COLETA DIÁRIA";
"PAJUÇARA";"ALPJCMENTR101 (L)";26/12/2019;13;270,480;0,000;154,392;0,000;"Completo";"COLETA DIÁRIA";
"PAJUÇARA";"ALPJCMENTR101 (L)";26/12/2019;14;283,248;0,000;159,012;0,000;"Completo";"COLETA DIÁRIA";
"PAJUÇARA";"ALPJCMENTR101 (L)";26/12/2019;15;282,072;0,000;156,828;0,000;"Completo";"COLETA DIÁRIA";
"PAJUÇARA";"ALPJCMENTR101 (L)";26/12/2019;16;232,512;0,000;122,640;0,000;"Completo";"COLETA DIÁRIA";
"PAJUÇARA";"ALPJCMENTR101 (L)";26/12/2019;17;218,736;0,000;115,164;0,000;"Completo";"COLETA DIÁRIA";
"PAJUÇARA";"ALPJCMENTR101 (L)";26/12/2019;18;238,980;0,000;136,248;0,000;"Completo";"COLETA DIÁRIA";
"PAJUÇARA";"ALPJCMENTR101 (L)";26/12/2019;19;226,296;0,000;124,992;0,000;"Completo";"COLETA DIÁRIA";
"PAJUÇARA";"ALPJCMENTR101 (L)";26/12/2019;20;256,704;0,000;148,848;0,000;"Completo";"COLETA DIÁRIA";
"PAJUÇARA";"ALPJCMENTR101 (L)";26/12/2019;21;178,500;0,000;100,884;0,000;"Completo";"COLETA DIÁRIA";
"PAJUÇARA";"ALPJCMENTR101 (L)";26/12/2019;22;183,288;0,000;104,076;0,000;"Completo";"COLETA DIÁRIA";
"PAJUÇARA";"ALPJCMENTR101 (L)";26/12/2019;23;201,348;0,000;112,308;0,000;"Completo";"COLETA DIÁRIA";
"PAJUÇARA";"ALPJCMENTR101 (L)";26/12/2019;24;215,544;0,000;129,276;0,000;"Completo";"COLETA DIÁRIA";
"PAJUÇARA";"ALPJCMENTR101 (L)";27/12/2019;1;210,336;0,000;119,700;0,000;"Completo";"COLETA DIÁRIA";
"PAJUÇARA";"ALPJCMENTR101 (L)";27/12/2019;2;201,852;0,000;117,600;0,000;"Completo";"COLETA DIÁRIA";
"PAJUÇARA";"ALPJCMENTR101 (L)";27/12/2019;3;172,704;0,000;101,136;0,000;"Completo";"COLETA DIÁRIA";
"PAJUÇARA";"ALPJCMENTR101 (L)";27/12/2019;4;216,300;0,000;122,556;0,000;"Completo";"COLETA DIÁRIA";
"PAJUÇARA";"ALPJCMENTR101 (L)";27/12/2019;5;218,064;0,000;120,708;0,000;"Completo";"COLETA DIÁRIA";
"PAJUÇARA";"ALPJCMENTR101 (L)";27/12/2019;6;212,772;0,000;110,880;0,000;"Completo";"COLETA DIÁRIA";
"PAJUÇARA";"ALPJCMENTR101 (L)";27/12/2019;7;239,568;0,000;125,328;0,000;"Completo";"COLETA DIÁRIA";
"PAJUÇARA";"ALPJCMENTR101 (L)";27/12/2019;8;240,072;0,000;124,152;0,000;"Completo";"COLETA DIÁRIA";
"PAJUÇARA";"ALPJCMENTR101 (L)";27/12/2019;9;295,680;0,000;152,292;0,000;"Completo";"COLETA DIÁRIA";
"PAJUÇARA";"ALPJCMENTR101 (L)";27/12/2019;10;282,408;0,000;154,392;0,000;"Completo";"COLETA DIÁRIA";
"PAJUÇARA";"ALPJCMENTR101 (L)";27/12/2019;11;275,940;0,000;153,216;0,000;"Completo";"COLETA DIÁRIA";
"PAJUÇARA";"ALPJCMENTR101 (L)";27/12/2019;12;289,968;0,000;154,056;0,000;"Completo";"COLETA DIÁRIA";
"PAJUÇARA";"ALPJCMENTR101 (L)";27/12/2019;13;298,200;0,000;161,532;0,000;"Completo";"COLETA DIÁRIA";
"PAJUÇARA";"ALPJCMENTR101 (L)";27/12/2019;14;342,048;0,000;197,904;0,000;"Completo";"COLETA DIÁRIA";
"PAJUÇARA";"ALPJCMENTR101 (L)";27/12/2019;15;297,360;0,000;163,716;0,000;"Completo";"COLETA DIÁRIA";
"PAJUÇARA";"ALPJCMENTR101 (L)";27/12/2019;16;298,704;0,000;165,564;0,000;"Completo";"COLETA DIÁRIA";
"PAJUÇARA";"ALPJCMENTR101 (L)";27/12/2019;17;301,140;0,000;173,124;0,000;"Completo";"COLETA DIÁRIA";
"PAJUÇARA";"ALPJCMENTR101 (L)";27/12/2019;18;294,084;0,000;160,104;0,000;"Completo";"COLETA DIÁRIA";
"PAJUÇARA";"ALPJCMENTR101 (L)";27/12/2019;19;274,680;0,000;142,380;0,000;"Completo";"COLETA DIÁRIA";
"PAJUÇARA";"ALPJCMENTR101 (L)";27/12/2019;20;289,212;0,000;158,172;0,000;"Completo";"COLETA DIÁRIA";
"PAJUÇARA";"ALPJCMENTR101 (L)";27/12/2019;21;217,392;0,000;122,304;0,000;"Completo";"COLETA DIÁRIA";
"PAJUÇARA";"ALPJCMENTR101 (L)";27/12/2019;22;236,292;0,000;116,088;0,000;"Completo";"COLETA DIÁRIA";
"PAJUÇARA";"ALPJCMENTR101 (L)";27/12/2019;23;268,380;0,000;136,584;0,000;"Completo";"COLETA DIÁRIA";
"PAJUÇARA";"ALPJCMENTR101 (L)";27/12/2019;24;264,432;0,000;137,676;0,000;"Completo";"COLETA DIÁRIA";
"PAJUÇARA";"ALPJCMENTR101 (L)";28/12/2019;1;273,588;0,000;140,700;0,000;"Completo";"COLETA DIÁRIA";
"PAJUÇARA";"ALPJCMENTR101 (L)";28/12/2019;2;263,424;0,000;138,096;0,000;"Completo";"COLETA DIÁRIA";
"PAJUÇARA";"ALPJCMENTR101 (L)";28/12/2019;3;217,812;0,000;119,616;0,000;"Completo";"COLETA DIÁRIA";
"PAJUÇARA";"ALPJCMENTR101 (L)";28/12/2019;4;223,272;0,000;132,636;0,000;"Completo";"COLETA DIÁRIA";
"PAJUÇARA";"ALPJCMENTR101 (L)";28/12/2019;5;239,904;0,000;139,272;0,000;"Completo";"COLETA DIÁRIA";
"PAJUÇARA";"ALPJCMENTR101 (L)";28/12/2019;6;242,508;0,000;140,700;0,000;"Completo";"COLETA DIÁRIA";
"PAJUÇARA";"ALPJCMENTR101 (L)";28/12/2019;7;291,564;0,000;156,660;0,000;"Completo";"COLETA DIÁRIA";
"PAJUÇARA";"ALPJCMENTR101 (L)";28/12/2019;8;307,524;0,000;165,648;0,000;"Completo";"COLETA DIÁRIA";
"PAJUÇARA";"ALPJCMENTR101 (L)";28/12/2019;9;314,580;0,000;172,116;0,000;"Completo";"COLETA DIÁRIA";
"PAJUÇARA";"ALPJCMENTR101 (L)";28/12/2019;10;335,412;0,000;184,968;0,000;"Completo";"COLETA DIÁRIA";
"PAJUÇARA";"ALPJCMENTR101 (L)";28/12/2019;11;333,144;0,000;185,136;0,000;"Completo";"COLETA DIÁRIA";
"PAJUÇARA";"ALPJCMENTR101 (L)";28/12/2019;12;329,364;0,000;179,844;0,000;"Completo";"COLETA DIÁRIA";
"PAJUÇARA";"ALPJCMENTR101 (L)";28/12/2019;13;296,100;0,000;166,320;0,000;"Completo";"COLETA DIÁRIA";
"PAJUÇARA";"ALPJCMENTR101 (L)";28/12/2019;14;310,548;0,000;175,308;0,000;"Completo";"COLETA DIÁRIA";
"PAJUÇARA";"ALPJCMENTR101 (L)";28/12/2019;15;320,460;0,000;182,280;0,000;"Completo";"COLETA DIÁRIA";
"PAJUÇARA";"ALPJCMENTR101 (L)";28/12/2019;16;318,948;0,000;182,952;0,000;"Completo";"COLETA DIÁRIA";
"PAJUÇARA";"ALPJCMENTR101 (L)";28/12/2019;17;321,132;0,000;185,556;0,000;"Completo";"COLETA DIÁRIA";
"PAJUÇARA";"ALPJCMENTR101 (L)";28/12/2019;18;311,472;0,000;177,492;0,000;"Completo";"COLETA DIÁRIA";
"PAJUÇARA";"ALPJCMENTR101 (L)";28/12/2019;19;279,216;0,000;152,796;0,000;"Completo";"COLETA DIÁRIA";
"PAJUÇARA";"ALPJCMENTR101 (L)";28/12/2019;20;282,240;0,000;159,096;0,000;"Completo";"COLETA DIÁRIA";
"PAJUÇARA";"ALPJCMENTR101 (L)";28/12/2019;21;277,284;0,000;160,524;0,000;"Completo";"COLETA DIÁRIA";
"PAJUÇARA";"ALPJCMENTR101 (L)";28/12/2019;22;283,416;0,000;160,860;0,000;"Completo";"COLETA DIÁRIA";
"PAJUÇARA";"ALPJCMENTR101 (L)";28/12/2019;23;261,324;0,000;159,936;0,000;"Completo";"COLETA DIÁRIA";
"PAJUÇARA";"ALPJCMENTR101 (L)";28/12/2019;24;254,184;0,000;159,264;0,000;"Completo";"COLETA DIÁRIA";
"PAJUÇARA";"ALPJCMENTR101 (L)";29/12/2019;1;244,524;0,000;152,208;0,000;"Completo";"COLETA DIÁRIA";
"PAJUÇARA";"ALPJCMENTR101 (L)";29/12/2019;2;243,768;0,000;155,484;0,000;"Completo";"COLETA DIÁRIA";
"PAJUÇARA";"ALPJCMENTR101 (L)";29/12/2019;3;242,508;0,000;158,172;0,000;"Completo";"COLETA DIÁRIA";
"PAJUÇARA";"ALPJCMENTR101 (L)";29/12/2019;4;238,560;0,000;153,720;0,000;"Completo";"COLETA DIÁRIA";
"PAJUÇARA";"ALPJCMENTR101 (L)";29/12/2019;5;234,192;0,000;148,932;0,000;"Completo";"COLETA DIÁRIA";
"PAJUÇARA";"ALPJCMENTR101 (L)";29/12/2019;6;239,820;0,000;147,336;0,000;"Completo";"COLETA DIÁRIA";
"PAJUÇARA";"ALPJCMENTR101 (L)";29/12/2019;7;210,252;0,000;130,032;0,000;"Completo";"COLETA DIÁRIA";
"PAJUÇARA";"ALPJCMENTR101 (L)";29/12/2019;8;198,660;0,000;122,892;0,000;"Completo";"COLETA DIÁRIA";
"PAJUÇARA";"ALPJCMENTR101 (L)";29/12/2019;9;176,736;0,000;108,864;0,000;"Completo";"COLETA DIÁRIA";
"PAJUÇARA";"ALPJCMENTR101 (L)";29/12/2019;10;198,156;0,000;120,540;0,000;"Completo";"COLETA DIÁRIA";
"PAJUÇARA";"ALPJCMENTR101 (L)";29/12/2019;11;195,132;0,000;118,356;0,000;"Completo";"COLETA DIÁRIA";
"PAJUÇARA";"ALPJCMENTR101 (L)";29/12/2019;12;197,064;0,000;121,296;0,000;"Completo";"COLETA DIÁRIA";
"PAJUÇARA";"ALPJCMENTR101 (L)";29/12/2019;13;195,552;0,000;125,496;0,000;"Completo";"COLETA DIÁRIA";
"PAJUÇARA";"ALPJCMENTR101 (L)";29/12/2019;14;194,964;0,000;124,320;0,000;"Completo";"COLETA DIÁRIA";
"PAJUÇARA";"ALPJCMENTR101 (L)";29/12/2019;15;184,044;0,000;113,988;0,000;"Completo";"COLETA DIÁRIA";
"PAJUÇARA";"ALPJCMENTR101 (L)";29/12/2019;16;196,140;0,000;126,924;0,000;"Completo";"COLETA DIÁRIA";
"PAJUÇARA";"ALPJCMENTR101 (L)";29/12/2019;17;168,336;0,000;113,064;0,000;"Completo";"COLETA DIÁRIA";
"PAJUÇARA";"ALPJCMENTR101 (L)";29/12/2019;18;196,140;0,000;129,444;0,000;"Completo";"COLETA DIÁRIA";
"PAJUÇARA";"ALPJCMENTR101 (L)";29/12/2019;19;190,344;0,000;118,272;0,000;"Completo";"COLETA DIÁRIA";
"PAJUÇARA";"ALPJCMENTR101 (L)";29/12/2019;20;200,424;0,000;123,816;0,000;"Completo";"COLETA DIÁRIA";
"PAJUÇARA";"ALPJCMENTR101 (L)";29/12/2019;21;201,516;0,000;128,100;0,000;"Completo";"COLETA DIÁRIA";
"PAJUÇARA";"ALPJCMENTR101 (L)";29/12/2019;22;199,164;0,000;125,748;0,000;"Completo";"COLETA DIÁRIA";
"PAJUÇARA";"ALPJCMENTR101 (L)";29/12/2019;23;187,572;0,000;120,876;0,000;"Completo";"COLETA DIÁRIA";
"PAJUÇARA";"ALPJCMENTR101 (L)";29/12/2019;24;202,020;0,000;129,948;0,000;"Completo";"COLETA DIÁRIA";
"PAJUÇARA";"ALPJCMENTR101 (L)";30/12/2019;1;195,300;0,000;128,436;0,000;"Completo";"COLETA DIÁRIA";
"PAJUÇARA";"ALPJCMENTR101 (L)";30/12/2019;2;198,156;0,000;126,924;0,000;"Completo";"COLETA DIÁRIA";
"PAJUÇARA";"ALPJCMENTR101 (L)";30/12/2019;3;201,012;0,000;129,360;0,000;"Completo";"COLETA DIÁRIA";
"PAJUÇARA";"ALPJCMENTR101 (L)";30/12/2019;4;203,868;0,000;131,376;0,000;"Completo";"COLETA DIÁRIA";
"PAJUÇARA";"ALPJCMENTR101 (L)";30/12/2019;5;198,072;0,000;128,016;0,000;"Completo";"COLETA DIÁRIA";
"PAJUÇARA";"ALPJCMENTR101 (L)";30/12/2019;6;199,752;0,000;133,560;0,000;"Completo";"COLETA DIÁRIA";
"PAJUÇARA";"ALPJCMENTR101 (L)";30/12/2019;7;258,384;0,000;161,028;0,000;"Completo";"COLETA DIÁRIA";
"PAJUÇARA";"ALPJCMENTR101 (L)";30/12/2019;8;322,056;0,000;174,888;0,000;"Completo";"COLETA DIÁRIA";
"PAJUÇARA";"ALPJCMENTR101 (L)";30/12/2019;9;343,644;0,000;189,336;0,000;"Completo";"COLETA DIÁRIA";
"PAJUÇARA";"ALPJCMENTR101 (L)";30/12/2019;10;326,088;0,000;180,432;0,000;"Completo";"COLETA DIÁRIA";
"PAJUÇARA";"ALPJCMENTR101 (L)";30/12/2019;11;341,376;0,000;186,564;0,000;"Completo";"COLETA DIÁRIA";
"PAJUÇARA";"ALPJCMENTR101 (L)";30/12/2019;12;302,736;0,000;155,064;0,000;"Completo";"COLETA DIÁRIA";
"PAJUÇARA";"ALPJCMENTR101 (L)";30/12/2019;13;313,908;0,000;160,944;0,000;"Completo";"COLETA DIÁRIA";
"PAJUÇARA";"ALPJCMENTR101 (L)";30/12/2019;14;301,644;0,000;158,424;0,000;"Completo";"COLETA DIÁRIA";
"PAJUÇARA";"ALPJCMENTR101 (L)";30/12/2019;15;326,760;0,000;175,560;0,000;"Completo";"COLETA DIÁRIA";
"PAJUÇARA";"ALPJCMENTR101 (L)";30/12/2019;16;312,396;0,000;171,192;0,000;"Completo";"COLETA DIÁRIA";
"PAJUÇARA";"ALPJCMENTR101 (L)";30/12/2019;17;302,736;0,000;173,208;0,000;"Completo";"COLETA DIÁRIA";
"PAJUÇARA";"ALPJCMENTR101 (L)";30/12/2019;18;282,156;0,000;151,788;0,000;"Completo";"COLETA DIÁRIA";
"PAJUÇARA";"ALPJCMENTR101 (L)";30/12/2019;19;240,492;0,000;128,604;0,000;"Completo";"COLETA DIÁRIA";
"PAJUÇARA";"ALPJCMENTR101 (L)";30/12/2019;20;254,268;0,000;131,628;0,000;"Completo";"COLETA DIÁRIA";
"PAJUÇARA";"ALPJCMENTR101 (L)";30/12/2019;21;251,748;0,000;133,560;0,000;"Completo";"COLETA DIÁRIA";
"PAJUÇARA";"ALPJCMENTR101 (L)";30/12/2019;22;266,448;0,000;146,916;0,000;"Completo";"COLETA DIÁRIA";
"PAJUÇARA";"ALPJCMENTR101 (L)";30/12/2019;23;270,900;0,000;150,612;0,000;"Completo";"COLETA DIÁRIA";
"PAJUÇARA";"ALPJCMENTR101 (L)";30/12/2019;24;265,440;0,000;150,024;0,000;"Completo";"COLETA DIÁRIA";
"PAJUÇARA";"ALPJCMENTR101 (L)";31/12/2019;1;253,344;0,000;145,572;0,000;"Completo";"COLETA DIÁRIA";
"PAJUÇARA";"ALPJCMENTR101 (L)";31/12/2019;2;244,272;0,000;140,868;0,000;"Completo";"COLETA DIÁRIA";
"PAJUÇARA";"ALPJCMENTR101 (L)";31/12/2019;3;240,996;0,000;141,540;0,000;"Completo";"COLETA DIÁRIA";
"PAJUÇARA";"ALPJCMENTR101 (L)";31/12/2019;4;245,532;0,000;133,056;0,000;"Completo";"COLETA DIÁRIA";
"PAJUÇARA";"ALPJCMENTR101 (L)";31/12/2019;5;252,252;0,000;138,348;0,000;"Completo";"COLETA DIÁRIA";
"PAJUÇARA";"ALPJCMENTR101 (L)";31/12/2019;6;258,468;0,000;138,516;0,000;"Completo";"COLETA DIÁRIA";
"PAJUÇARA";"ALPJCMENTR101 (L)";31/12/2019;7;306,012;0,000;173,544;0,000;"Completo";"COLETA DIÁRIA";
"PAJUÇARA";"ALPJCMENTR101 (L)";31/12/2019;8;305,844;0,000;171,612;0,000;"Completo";"COLETA DIÁRIA";
"PAJUÇARA";"ALPJCMENTR101 (L)";31/12/2019;9;230,916;0,000;131,292;0,000;"Completo";"COLETA DIÁRIA";
"PAJUÇARA";"ALPJCMENTR101 (L)";31/12/2019;10;207,564;0,000;111,720;0,000;"Completo";"COLETA DIÁRIA";
"PAJUÇARA";"ALPJCMENTR101 (L)";31/12/2019;11;225,624;0,000;117,684;0,000;"Completo";"COLETA DIÁRIA";
"PAJUÇARA";"ALPJCMENTR101 (L)";31/12/2019;12;222,516;0,000;115,836;0,000;"Completo";"COLETA DIÁRIA";
"PAJUÇARA";"ALPJCMENTR101 (L)";31/12/2019;13;204,876;0,000;113,652;0,000;"Completo";"COLETA DIÁRIA";
"PAJUÇARA";"ALPJCMENTR101 (L)";31/12/2019;14;213,024;0,000;106,092;0,000;"Completo";"COLETA DIÁRIA";
"PAJUÇARA";"ALPJCMENTR101 (L)";31/12/2019;15;165,480;0,000;82,488;0,000;"Completo";"COLETA DIÁRIA";
"PAJUÇARA";"ALPJCMENTR101 (L)";31/12/2019;16;140,784;0,000;76,020;0,000;"Completo";"COLETA DIÁRIA";
"PAJUÇARA";"ALPJCMENTR101 (L)";31/12/2019;17;102,900;0,000;57,960;0,000;"Completo";"COLETA DIÁRIA";
"PAJUÇARA";"ALPJCMENTR101 (L)";31/12/2019;18;86,352;0,000;44,940;0,000;"Completo";"COLETA DIÁRIA";
"PAJUÇARA";"ALPJCMENTR101 (L)";31/12/2019;19;66,696;0,000;25,704;0,000;"Completo";"COLETA DIÁRIA";
"PAJUÇARA";"ALPJCMENTR101 (L)";31/12/2019;20;44,352;0,000;19,236;0,000;"Completo";"COLETA DIÁRIA";
"PAJUÇARA";"ALPJCMENTR101 (L)";31/12/2019;21;14,028;0,000;12,348;0,000;"Completo";"COLETA DIÁRIA";
"PAJUÇARA";"ALPJCMENTR101 (L)";31/12/2019;22;11,256;0,000;9,912;0,000;"Completo";"COLETA DIÁRIA";
"PAJUÇARA";"ALPJCMENTR101 (L)";31/12/2019;23;11,004;0,000;13,104;0,000;"Completo";"COLETA DIÁRIA";
"PAJUÇARA";"ALPJCMENTR101 (L)";31/12/2019;24;9,744;0,000;12,936;0,000;"Completo";"COLETA DIÁRIA";
